,x,y,yaw,yawrate
0,0.0,0.0,0.0,0.0
1,1.310831106027386e-07,0.09609609609593515,0.00023446870293717143,0.01953905857809762
2,1.0486648848030928e-06,0.19219219218704248,0.0009378748117486857,0.05861717573429286
3,3.5392439859352554e-06,0.2882882882491829,0.0021102183264345427,0.09769529289048809
4,8.389319076016311e-06,0.3843843842195946,0.003751499246994743,0.13677341004668336
5,1.6385388813111996e-05,0.480480479977582,0.005861717573429286,0.17585152720287855
6,2.831395184633172e-05,0.5765765753252043,0.00844087330573817,0.21492964435907375
7,4.496150680766241e-05,0.6726726699679643,0.0114889664439214,0.25400776151526905
8,6.711455229985118e-05,0.7687687634954966,0.015005996987978972,0.29308587867146435
9,9.555958687954617e-05,0.8648648553622574,0.018991964937910888,0.33216399582765965
10,0.00013108310903490566,0.9609609448682117,0.023446870293717142,0.37124211298385457
11,0.00017447161715688556,1.057057031139524,0.02837071305539774,0.41032023014004987
12,0.0002265116095034127,1.153153113109244,0.03376349322295268,0.44939834729624517
13,0.0002879895841556587,1.2492491894979993,0.03962521079638197,0.4884764644524405
14,0.00035969203896561665,1.3453452587946804,0.0459558657756856,0.5275545816086358
15,0.00044240547149419903,1.4414413192371325,0.05275545816086356,0.5666326987648299
16,0.0005369163789390585,1.5375373687928406,0.06002398795191589,0.6057108159210275
17,0.0006440112580513476,1.633633405139623,0.06776145514884255,0.6447889330772217
18,0.0007644766050406222,1.7297294256463163,0.07596785975164355,0.683867050233417
19,0.0008990989154671029,1.825825427353465,0.08464320176031888,0.7229451673896106
20,0.0010486646841205009,1.9219214069540127,0.09378748117486857,0.7620232845458076
21,0.0012139604048846187,2.018017360773988,0.10340069799529257,0.8011014017020001
22,0.0013957725705869366,2.1141132847531945,0.11348285222159096,0.8401795188581994
23,0.0015948876728323902,2.2102091744259003,0.12403394385376365,0.8792576360143907
24,0.001812092201820566,2.306305024901529,0.13505397289181073,0.91833575317059
25,0.0020481726461454887,2.4024008308453433,0.14654293933573212,0.9574138703267824
26,0.00230391549257725,2.4984965864591393,0.15850084318552787,0.9964919874829794
27,0.002580107225824667,2.5945922854619354,0.170927684441198,1.0355701046391765
28,0.0028775343282781856,2.690687921070659,0.1838234631027424,1.0746482217953666
29,0.003196983279732231,2.7867834859808385,0.19718817917016113,1.1137263389515613
30,0.0035392405570862247,2.8828789723472927,0.21102183264345423,1.1528044561077584
31,0.003905092634023479,2.978974371764821,0.22532442352262172,1.1918825732639577
32,0.004295325980667169,3.075069675248891,0.24009595180766355,1.2309606904201524
33,0.004710727063212596,3.171164873216334,0.25533641749857966,1.2700388075763425
34,0.005152082343534967,3.2672599554660287,0.2710458205953702,1.3091169247325443
35,0.0056201782787718545,3.3633549111596004,0.287224161098035,1.3481950418887343
36,0.0061158013208796255,3.459449728802101,0.3038714390065742,1.3872731590449336
37,0.006639737916162955,3.5555443962227127,0.3209876543209877,1.4263512762011237
38,0.00719277450477673,3.6516389005554326,0.3385728070412755,1.4654293933573186
39,0.00777569752019945,3.747733228219764,0.3566268971674377,1.5045075105135133
40,0.008389293388677421,3.8438273649014096,0.3751499246994743,1.5435856276697173
41,0.009034348528638972,3.9399212955329745,0.39414188963738517,1.5826637448259073
42,0.009711649350077707,4.0360150042746366,0.4136027919811703,1.6217418619820927
43,0.010421982253904335,4.132108474494864,0.43353263173082995,1.660819979138306
44,0.011166133631265956,4.228201688751097,0.45393140888636385,1.6998980962944914
45,0.011944889862832236,4.324294628770449,0.4747991234477722,1.7389762134506954
46,0.012759037318047553,4.4203872754303895,0.4961357754150546,1.778054330606867
47,0.013609362354348484,4.516479608739461,0.5179413647882117,1.8171324477630941
48,0.014496651316345545,4.612571607817954,0.5402158915672429,1.8562105649192657
49,0.015421690534968778,4.708663250878621,0.5629593557521485,1.895288682075465
50,0.016385266326576102,4.8047545152073665,0.5861717573429285,1.9343667992316644
51,0.017388164992023728,4.9008453771439475,0.6098530963395827,1.9734449163878545
52,0.018431172815697925,4.996935812062673,0.6340033727421115,2.0125230335440634
53,0.019515076064507215,5.093025794353109,0.6586225865505144,2.051601150700244
54,0.02064066098683432,5.189115297400775,0.683710737764792,2.090679267856462
55,0.02180871381144702,5.285204293567855,0.7092678263849436,2.1297573850126335
56,0.02302002074636706,5.381292754173887,0.7352938524109696,2.168835502168833
57,0.02427536797769658,5.477380649476484,0.76178881584287,2.207913619325032
58,0.025575541668400835,5.573467948652032,0.7887527166806445,2.246991736481213
59,0.026921327957046947,5.669554619776407,0.8161855549242937,2.286069853637431
60,0.028313512956497394,5.765640629805662,0.8440873305738169,2.3251479707936027
61,0.029752882752557882,5.861725944556772,0.872458043629215,2.364226087949839
62,0.031240223402578395,5.957810528688314,0.9012976940904869,2.403304205105992
63,0.032776320934007126,6.0538943456812,0.9306062819576334,2.4423823222622096
64,0.03436196134289594,6.149977357819387,0.9603838072306542,2.4814604394184
65,0.03599793059235701,6.246059526170597,0.990630269909549,2.5205385565745715
66,0.037685014610969805,6.342140810567028,1.0213456699943186,2.559616673730799
67,0.039423999291137206,6.4382211695860905,1.0525300074849624,2.5986947908869795
68,0.041215670487390665,6.534300560531114,1.0841832823814808,2.6377729080431975
69,0.04306081401464295,6.630378939412086,1.116305494683873,2.6768510251993596
70,0.04496021564638815,6.726456260926371,1.14889664439214,2.7159291423555776
71,0.04691466111284788,6.822532478439445,1.181956731506281,2.7550072595117583
72,0.0489249360990632,6.918607543965631,1.2154857560262968,2.7940853766679763
73,0.05099182624293077,7.01468140814883,1.2494837179521865,2.833163493824139
74,0.05311611713318363,7.110754020243252,1.2839506172839508,2.8722416109803564
75,0.0552985943073147,7.2068253280941805,1.3188864540215892,2.9113197281365375
76,0.057540043249442556,7.302895278118683,1.354291228165102,2.950397845292737
77,0.05984124938811921,7.39896381528639,1.3901649397144893,2.989475962448936
78,0.06220299809407827,7.495030883100219,1.4265075886697507,3.028554079605117
79,0.06462607467792339,7.591096423577146,1.463319175030887,3.067632196761353
80,0.06711126438775583,7.687160377228955,1.5005996987978971,3.1067103139175156
81,0.06965935240674041,7.783222683043,1.5383491599707815,3.1457884310736963
82,0.07227112385060921,7.8792832784629585,1.5765675585495407,3.184866548229933
83,0.07494736376510205,7.975342099369621,1.6152548945341738,3.223944665386095
84,0.07768885712334328,8.071399080061648,1.6544111679246811,3.263022782542276
85,0.08049638882315344,8.167454153236342,1.6940363787210635,3.302100899698531
86,0.08337074368429595,8.263507249970441,1.7341305269233198,3.341179016854693
87,0.08631270644565701,8.359558299700897,1.7746936125314505,3.3802571340108925
88,0.08932306176235912,8.455607230205663,1.8157256355454554,3.4193352511670736
89,0.09240259420280587,8.551653967584492,1.8572265959653345,3.4584133683232543
90,0.09555208824565917,8.647698436239738,1.8991964937910888,3.497491485479528
91,0.09877232827674583,8.743740558857148,1.9416353290227166,3.536569602635653
92,0.10206409858589532,8.839780256386685,1.9845431016602184,3.575647719791815
93,0.10542818336370588,8.935817448023347,2.0279198117035953,3.61472583694807
94,0.10886536669823826,9.031852051187961,2.071765459152847,3.6538039541043066
95,0.11237643257163828,9.127883981508052,2.116080044007972,3.6928820712604318
96,0.11596216485668494,9.223913152798628,2.1608635662689717,3.731960188416631
97,0.11962334731326556,9.31993947704307,2.2061160259358457,3.7710383055728305
98,0.12336076358477445,9.415962864373924,2.251837423008594,3.81011642272903
99,0.127175197194438,9.511983223053798,2.2980277574872177,3.8491945398853034
100,0.13106743154156114,9.6080004594562,2.344687029371714,3.8882726570413544
101,0.1350382498976988,9.704014478046409,2.391815238662086,3.9273507741976648
102,0.1390884354027475,9.80002518136234,2.439412385358331,3.966428891353753
103,0.14321877106095954,9.896032469995445,2.487478469460452,4.005507008510101
104,0.1474300397368766,9.992036242571576,2.536013490968446,4.044585125666152
105,0.15172302415118433,10.088036395731908,2.5850174498823146,4.0836632428223885
106,0.15609850687648433,10.184032824113821,2.6344903462020577,4.122741359978588
107,0.16055727033298559,10.280025420331832,2.684432179927675,4.161819477134787
108,0.1651000967841128,10.376014074958503,2.734842951059168,4.20089759429106
109,0.16972776833203068,10.471998676505386,2.7857226595965336,4.239975711447149
110,0.1744410669130853,10.567979111403952,2.8370713055397743,4.279053828603385
111,0.1792407742931596,10.663955263986542,2.888888888888889,4.318131945759547
112,0.1841276720629436,10.759927016467337,2.9411754096438782,4.357210062915784
113,0.18910254163311788,10.855894248923315,2.993930867804742,4.396288180071983
114,0.19416616422944977,10.95185683927525,3.04715526337148,4.435366297228145
115,0.1993193208878019,11.04781466326867,3.1008485963440915,4.474444414384308
116,0.20456279244905207,11.143767594454891,3.155010866722578,4.513522531540544
117,0.20989735955392233,11.23971550417202,3.20964207450694,4.552600648696818
118,0.21532380263771936,11.335658261525966,3.2647422196971747,4.591678765852906
119,0.22084290192498265,11.431595733371493,3.320311302293285,4.630756883009179
120,0.22645543742404184,11.527527784293271,3.3763493222952676,4.6698350001652305
121,0.2321621889214798,11.623454276586905,3.4328562797031257,4.708913117321504
122,0.23796393597650436,11.719375070240051,3.48983217451686,4.747991234477851
123,0.243861457915224,11.815290022913471,3.5472770067364667,4.787069351633903
124,0.24985553382483044,11.911198989922141,3.6051907763619475,4.826147468790065
125,0.255946942547684,12.007101824216381,3.6635734833933027,4.8652255859462645
126,0.2621364626753031,12.102998376362953,3.7224251278305336,4.904303703102575
127,0.2684248725422577,12.198888494526216,3.781745709673638,4.9433818202587005
128,0.2748129502199621,12.294772024449296,3.841535228922617,4.9824599374149
129,0.2813014735103725,12.390648809435234,3.9017936855774695,5.021538054571062
130,0.28789121993958183,12.48651869032819,3.962521079638196,5.060616171727224
131,0.29458296675131757,12.582381505494634,4.0237174111047995,5.099694288883609
132,0.3013774909003346,12.678237090804574,4.085382679977275,5.138772406039586
133,0.30827556904571124,12.77408527961278,4.147516886255626,5.177850523195933
134,0.3152779775440384,12.869925902740054,4.21012002993985,5.216928640351985
135,0.32238549244250864,12.965758788454488,4.27319211102995,5.256006757508332
136,0.3295988894718989,13.061583762452734,4.336733129525923,5.295084874664457
137,0.33691894403945055,13.157400647841353,4.40074308542777,5.334162991820583
138,0.34434643122164343,13.253209265118098,4.465221978735492,5.373241108976856
139,0.3518821257568622,13.349009432153277,4.530169809449089,5.4123192261330555
140,0.35952680203795806,13.444800964171106,4.59558657756856,5.451397343289255
141,0.3672812341047008,13.540583673731103,4.661472283093905,5.4904754604453805
142,0.3751461956361243,13.63635737070947,4.727826926025124,5.529553577601654
143,0.3831224599427617,13.732121862280541,4.794650506362218,5.568631694757779
144,0.3912107999587705,13.827876952898215,4.861943024105187,5.607709811914126
145,0.39941198823394747,13.923622444277402,4.929704479254029,5.646787929070178
146,0.4077267969256331,14.019358135375546,4.997934871808746,5.685866046226377
147,0.4161559977905019,14.115083822374102,5.066634201769337,5.724944163382577
148,0.42470036217624213,14.21079929866009,5.135802469135803,5.76402228053885
149,0.4333606610131208,14.306504354807656,5.205439673908143,5.803100397694975
150,0.44213766480543304,14.402198778559622,5.275545816086357,5.842178514851175
151,0.45103214362284055,14.497882354809114,5.346120895670445,5.881256632007374
152,0.46004486709158965,14.5935548655812,5.417164912660408,5.920334749163573
153,0.4691766043856163,14.689216090014515,5.488677867056245,5.959412866319698
154,0.478428124217532,14.784865804342967,5.560659758857957,5.998490983476046
155,0.48780019482949266,14.880503781877426,5.633110588065543,6.0375691006321714
156,0.49729358398394896,14.976129792987477,5.706030354679003,6.076647217788296
157,0.5069090589542771,15.071743605083158,5.779419058698338,6.11572533494457
158,0.5166473865152899,15.16734498259679,5.853276700123548,6.154803452100843
159,0.5265093329336261,15.262933686964722,5.927603278954631,6.193881569256969
160,0.5364956639580197,15.358509476609266,6.0023987951915885,6.232959686413094
161,0.5466071448094474,15.454072106920504,6.07766324883442,6.272037803569293
162,0.5568445401711499,15.549621330238228,6.153396639883126,6.311115920725492
163,0.5672086141785343,15.645156895833878,6.229598968337708,6.35019403788184
164,0.5777001304089497,15.740678549892491,6.306270234198163,6.389272155037891
165,0.5883198518713372,15.836186035494716,6.383410437464492,6.42835027219409
166,0.5990685409957557,15.931679092598852,6.461019578136695,6.46742838935029
167,0.6099469596227831,16.027157458022902,6.539097656214774,6.506506506506564
168,0.6209558689927843,16.12262086542668,6.6176446716987245,6.545584623662541
169,0.6320960297350595,16.218069045293937,6.696660624588553,6.584662740819036
170,0.643368201856858,16.31350172491454,6.776145514884254,6.623740857975087
171,0.654773144732266,16.40891862836668,6.8560993425858285,6.662818975131213
172,0.666311617090963,16.504319476499095,6.936522107693279,6.7018970922875605
173,0.6779843770068504,16.599703986913365,7.017413810206602,6.740975209443538
174,0.689792181886546,16.69507187394622,7.098774450125802,6.780053326600033
175,0.7017357884577481,16.790422848651893,7.180604027450876,6.8191314437561585
176,0.7138159527574657,16.885756618784516,7.262902542181822,6.858209560912136
177,0.7260334301201212,16.98107288878054,7.345669994318644,6.897287678068557
178,0.7383889751655097,17.076371359741227,7.428906383861338,6.93636579522446
179,0.7508833417866346,17.171651729415156,7.512611710809908,6.975443912380881
180,0.7635172831373992,17.266913692180754,7.596785975164355,7.014522029537229
181,0.7762915516201656,17.362156939028928,7.681429176924672,7.053600146693058
182,0.7892068988731835,17.457381157545672,7.7665413160908665,7.092678263849554
183,0.8022640757578688,17.552586031894776,7.8521223926629355,7.1317563810057525
184,0.815463832345959,17.647771242800538,7.938172406640874,7.170834498161508
185,0.8288069179065194,17.742936467530562,8.024691358024691,7.209912615318151
186,0.8422940808928137,17.838081379878506,8.111679246814381,7.2489907324741285
187,0.8559260689290397,17.93320565014705,8.199136073009946,7.2880688496304025
188,0.8697036287969173,18.02830894513071,8.287061836611388,7.327146966786824
189,0.8836275064221407,18.12339092809888,8.3754565376187,7.366225083942653
190,0.8976984468606874,18.218451258778774,8.464320176031888,7.405303201099074
191,0.911917194284985,18.313489593338524,8.553652751850949,7.444381318255052
192,0.9262844919699369,18.408505584370282,8.643454265075887,7.483459435411473
193,0.9408010822788032,18.503498880873384,8.7337247157067,7.522537552567746
194,0.9554677066489342,18.598469128237536,8.824464103743383,7.561615669723576
195,0.9702851055773706,18.693415968226123,8.915672429185943,7.600693786879997
196,0.9852540186062847,18.788339038959492,9.007349692034376,7.639771904036122
197,1.0003751843082864,18.883237974898332,9.099495892288685,7.678850021192396
198,1.0156493402715747,18.978112406827126,9.19211102994887,7.717928138348817
199,1.0310772230849505,19.072961961837596,9.285195105014925,7.757006255504498
200,1.0466595683226776,19.167786263312298,9.378748117486856,7.7960843726609195
201,1.0623971105291923,19.26258493090816,9.472770067364662,7.835162489817193
202,1.0782905832036735,19.357357580540196,9.567260954648344,7.8742406069734665
203,1.0943407187844516,19.452103824365192,9.662220779337897,7.913318724129444
204,1.1105482486332798,19.54682327076546,9.757649541433324,7.9523968412855695
205,1.1269139030194475,19.641515524332785,9.85354724093463,7.991474958442138
206,1.1434384111037437,19.736180185852184,9.949913877841809,8.030553075598265
207,1.1601225009222704,19.830816852285963,10.046749452154858,8.069631192754093
208,1.1769668993701043,19.925425116757744,10.144053963873784,8.108709309910514
209,1.1939723321848057,20.0200045685365,10.241827412998584,8.14778742706664
210,1.2111395239297726,20.114554793020808,10.340069799529259,8.186865544222913
211,1.2284691979774418,20.20907537172297,10.43878112346581,8.225943661379334
212,1.2459620764923376,20.30356588225338,10.53796138480823,8.265021778535017
213,1.2636188804139665,20.398025898304898,10.637610583556532,8.304099895691733
214,1.2814403294395504,20.49245498963722,10.7377287197107,8.343178012847416
215,1.2994271420066152,20.58685272206144,10.838315793270748,8.382256130003984
216,1.3175800352754063,20.681218657424594,10.939371804236671,8.421334247160258
217,1.3358997251111706,20.77555235359433,11.040896752608464,8.460412364316086
218,1.354386926066258,20.869853364443617,11.142890638386135,8.499490481472508
219,1.3730423513620802,20.96412123983554,11.245353461569678,8.538568598628634
220,1.3918667128709044,21.0583555256082,11.348285222159097,8.577646715784907
221,1.4108607210974933,21.15255576355962,11.45168592015439,8.616724832941033
222,1.4300250851605811,21.24672149143281,11.555555555555555,8.655802950097158
223,1.449360512774193,21.34085224290089,11.659894128362598,8.69488106725358
224,1.4688677102288001,21.43494754755218,11.764701638575513,8.733959184409557
225,1.4885473823723248,21.529006930875607,11.869978086194303,8.77303730156583
226,1.5084002325909676,21.62302991424595,11.975723471218968,8.812115418722103
227,1.5284269627898894,21.717016014909305,12.081937793649503,8.851193535877933
228,1.5486282733737258,21.810964745968626,12.18862105348592,8.89027165303465
229,1.569004863226929,21.904875616369285,12.295773250728208,8.929349770190775
230,1.589557429693966,21.998748130884785,12.403394385376366,8.968427887346456
231,1.6102866685593407,22.092581790102546,12.511484457430404,9.007506004503174
232,1.6311932740274515,22.18637609040976,12.620043466890312,9.046584121659004
233,1.6522779387022926,22.280130523979313,12.729071413756099,9.085662238815573
234,1.673541353566985,22.37384457875591,12.83856829802776,9.124740355971698
235,1.694984207963146,22.46751773844212,12.94853411970529,9.163818473127527
236,1.7166071895700927,22.561149482484677,13.058968878788699,9.202896590284096
237,1.7384109843838738,22.65473928606077,13.16987257527798,9.241974707440074
238,1.76039627669615,22.7482866200645,13.28124520917314,9.281052824596644
239,1.7825637490728914,22.84179095109334,13.39308678047417,9.320130941752472
240,1.8049140823329177,22.935251741434794,13.50539728918107,9.35920905890845
241,1.8274479555262713,23.028668449053114,13.618176735293854,9.398287176065315
242,1.850166045912417,23.12204052757609,13.731425118812503,9.4373652932207
243,1.873069028938284,23.21536742628199,13.845142439737035,9.476443410377714
244,1.8961575782161304,23.308648590086573,13.95932869806744,9.515521527533691
245,1.9194323655012355,23.401883459530197,14.073983893803714,9.554599644689521
246,1.9428940606694463,23.495071470765073,14.189108026945867,9.59367776184609
247,1.9665433316945258,23.5882120555426,14.304701097493892,9.632755879002067
248,1.9903808446253481,23.68130464120077,14.42076310544779,9.671833996158194
249,2.0144072635629278,23.774348650651778,14.537294050807565,9.710912113314615
250,2.038623250637262,23.867343502369643,14.65429393357321,9.749990230470443
251,2.0630294659840205,23.960288610378004,14.771762753744737,9.789068347627161
252,2.087626567721057,24.053183384237993,14.889700511322134,9.828146464783138
253,2.1124152119247444,24.146027229036246,15.008107206305404,9.867224581939116
254,2.1373960526061566,24.238819545373044,15.126982838694552,9.906302699095685
255,2.1625697416870486,24.33155972935048,15.246327408489568,9.945380816251367
256,2.187936928975707,24.42424717256089,15.366140915690467,9.984458933408233
257,2.2134982621425876,24.51688126207528,15.48642336029724,10.023537050564357
258,2.239254386695806,24.60946138043193,15.607174742309878,10.06261516771989
259,2.2652059459564504,24.701986905625116,15.728395061728396,10.10169328487646
260,2.291353581033717,24.794457211093935,15.850084318552785,10.140771402032437
261,2.3176979307998833,24.886871665711297,15.972242512783055,10.179849519189155
262,2.344239631865092,24.979229633772984,16.094869644419198,10.21892763634528
263,2.3709793185519774,25.071530474986886,16.217965713461208,10.258005753500813
264,2.3979176228701196,25.16377354446235,16.3415307199091,10.29708387065753
265,2.425055174490305,25.25595819269966,16.465564663762862,10.336161987813655
266,2.452392600718641,25.348083765579638,16.590067545022503,10.375240104970077
267,2.479930526470475,25.440149604353408,16.715039363688014,10.414318222125907
268,2.507669574244153,25.532155045632233,16.8404801197594,10.453396339282031
269,2.535610364094597,25.62409942137761,16.96638981323666,10.492474456438453
270,2.563753513606715,25.715982058891345,17.0927684441198,10.531552573594874
271,2.592099637868627,25.80780228080587,17.219616012408807,10.570630690750704
272,2.620649349444731,25.899559405074704,17.346932518103692,10.609708807907126
273,2.6494032583485816,25.99125274496301,17.474717961204444,10.648786925062659
274,2.678361972015604,26.082881609038303,17.60297234171108,10.687865042219672
275,2.7075260952756266,26.174445301161352,17.73169565962359,10.726943159375798
276,2.7368962303252387,26.26594312047714,17.86088791494197,10.766021276531626
277,2.7664729766999887,26.357374361406084,17.99054910766623,10.805099393688344
278,2.7962569312463854,26.448738313635303,18.120679237796356,10.844177510843878
279,2.826248688093743,26.540034262110108,18.25127830533236,10.883255628000299
280,2.85644883862584,26.631261487025583,18.38234631027424,10.92233374515672
281,2.8868579714524096,26.722419263818402,18.51388325262199,10.96141186231255
282,2.917476672380461,26.813506863158715,18.64588913237562,11.000489979468972
283,2.9483055243854093,26.904523550942255,18.77836394953512,11.039568096625096
284,2.9793451075820494,26.995468588282577,18.911307704100498,11.078646213781518
285,3.0105959991953464,27.08634123150345,19.04472039607175,11.117724330937643
286,3.0420587735310494,27.17714073213144,19.17860202544887,11.156802448093472
287,3.07373400194614,27.267866336888627,19.312952592231873,11.19588056525019
288,3.105622252819102,27.358517287685522,19.44777209642075,11.234958682406315
289,3.137724091520007,27.449092821614094,19.583060538015495,11.274036799562145
290,3.1700400803804554,27.539592170941045,19.718817917016118,11.313114916718567
291,3.202570778663302,27.63001456310119,19.85504423342261,11.352193033874395
292,3.2353167425322495,27.720359220691027,19.991739487234984,11.391271151031113
293,3.2682785250212363,27.810625361462495,20.128903678453234,11.430349268187534
294,3.301456676003671,27.900812198316924,20.266536807077348,11.46942738534277
295,3.334851742161486,27.990918939299075,20.404638873107345,11.508505502499785
296,3.3684642669540157,28.080944787591477,20.543209876543212,11.547583619655613
297,3.402294790586713,28.170888941508878,20.682249817384953,11.58666173681174
298,3.4363438499796737,28.260750594492862,20.82175869563257,11.625739853968161
299,3.4706119787360135,28.350528935106702,20.961736511286063,11.664817971124286
300,3.505099707110052,28.440223147030384,21.102183264345427,11.70389608828041
301,3.539807561975336,28.529832409055757,21.243098954810662,11.74297420543624
302,3.5747360667924872,28.61935589508198,21.38448358268178,11.782052322593254
303,3.60988574157688,28.708792774111085,21.52633714795877,11.821130439749084
304,3.645257102866147,28.798142210243718,21.668659650641633,11.860208556905208
305,3.6808506636875205,28.887403362675173,21.811451090730372,11.89928667406163
306,3.7166669335249862,28.976575385691472,21.95471146822498,11.938364791217163
307,3.7527064182862904,29.06565742866581,22.09844078312547,11.977442908374178
308,3.7889696202697616,29.154648636055075,22.24263903543183,12.016521025530006
309,3.8254570381309647,29.243548147396584,22.387306225144062,12.055599142686132
310,3.8621691668491924,29.332355097305133,22.532442352262173,12.094677259842554
311,3.8991064976937815,29.421068615470055,22.67804741678616,12.133755376998975
312,3.9362695181902634,29.50968782665271,22.82412141871601,12.172833494154212
313,3.973658712086351,29.598211850684006,22.97066435805175,12.211911611311521
314,4.011274559317747,29.6866398024622,23.11767623479335,12.250989728466758
315,4.049117535973809,29.774970791950935,23.265157048940832,12.290067845623476
316,4.087188114263011,29.863203924177448,23.41310680049419,12.329145962779897
317,4.125486762478273,29.951338299231,23.56152548945342,12.368224079935727
318,4.164013944962111,30.03937301226155,23.710413115818525,12.407302197092148
319,4.202770122071621,30.127307153478633,23.859769679589498,12.446380314247682
320,4.241755750143309,30.21513980815045,24.009595180766354,12.485458431404695
321,4.280971281457734,30.302870056603197,24.15988961934908,12.524536548560524
322,4.32041716420401,30.390496974220575,24.31065299533768,12.56361466571665
323,4.360093842444155,30.47801963144366,24.46188530873216,12.602692782873367
324,4.4000017560772315,30.565437093770786,24.613586559532504,12.641770900028604
325,4.4401413408033745,30.652748421757877,24.765756747738727,12.680849017185322
326,4.480513028087639,30.739952671018862,24.918395873350832,12.719927134342038
327,4.521117245123679,30.827048892226397,25.0715039363688,12.759005251497276
328,4.561954414797285,30.914036131112788,25.22508093679265,12.79808336865429
329,4.603024955649739,31.000913428471186,25.37912687462237,12.837161485809823
330,4.644329281841048,31.087679820157,25.533641749857967,12.87623960296654
331,4.685867803112974,31.17433433708955,25.68862556249944,12.915317720122665
332,4.727640924751944,31.26087600525398,25.84407831254678,12.954395837278495
333,4.769649047551794,31.34730384570341,26.0,12.993473954434917
334,4.811892450077406,31.433616932265224,26.15615615615616,13.013013013013422
335,4.854370936478062,31.519814566582394,26.31231231231232,13.013013013013127
336,4.897084191222986,31.605896108377728,26.468468468468465,13.01301301301224
337,4.940031897037552,31.69186091823637,26.624624624624623,13.013013013013127
338,4.983213734905615,31.77770835761055,26.78078078078078,13.013013013013127
339,5.026629384071901,31.863437788824324,26.936936936936938,13.013013013013127
340,5.070278522044378,31.94904857507832,27.0930930930931,13.013013013013422
341,5.11416082459665,32.03454008045445,27.249249249249246,13.01301301301224
342,5.158275965770395,32.11991166992066,27.405405405405403,13.013013013013127
343,5.202623617877743,32.20516270933563,27.561561561561565,13.013013013013422
344,5.2472034515037285,32.29029256545349,27.717717717717722,13.013013013013127
345,5.292015135508747,32.3753006059285,27.87387387387388,13.013013013013127
346,5.337058337030999,32.46018619931979,28.030030030030026,13.01301301301224
347,5.382332721488982,32.54494871509604,28.186186186186188,13.013013013013422
348,5.42783795258395,32.62958752364012,28.342342342342345,13.013013013013127
349,5.473573692302426,32.71410199625381,28.498498498498503,13.013013013013127
350,5.519539600918727,32.798491505162474,28.654654654654664,13.013013013013422
351,5.56573533699745,32.88275542351969,28.810810810810807,13.013013013011943
352,5.6121605573960505,32.96689312541193,28.966966966966964,13.013013013013127
353,5.658814917267363,33.05090398586322,29.123123123123122,13.013013013013127
354,5.705698070062166,33.13478738083973,29.27927927927928,13.013013013013127
355,5.752809667531765,33.21854268725449,29.43543543543544,13.013013013013422
356,5.800149359730579,33.30216928297193,29.59159159159159,13.013013013012534
357,5.847716795018733,33.38566654681257,29.74774774774775,13.013013013013127
358,5.895511620064678,33.46903385855762,29.903903903903906,13.013013013013127
359,5.9435334798477975,33.552270598953534,30.060060060060064,13.013013013013127
360,5.991782017661077,33.6353761497167,30.21621621621622,13.013013013013127
361,6.04025687511371,33.71834989353793,30.372372372372368,13.01301301301224
362,6.088957692133814,33.80119121408717,30.528528528528525,13.013013013013127
363,6.1378841069710575,33.88389949601795,30.684684684684683,13.013013013013127
364,6.187035756199365,33.96647412497203,30.84084084084084,13.013013013013127
365,6.2364122747196244,34.048914487583964,30.996996996997005,13.013013013013719
366,6.28601329576238,34.131219971485606,31.153153153153163,13.013013013013127
367,6.335838450890582,34.213389965310704,31.309309309309306,13.013013013011943
368,6.385887370002305,34.29542385869944,31.465465465465464,13.013013013013127
369,6.436159681333497,34.37732104230295,31.621621621621625,13.013013013013422
370,6.486655011460749,34.45908090778784,31.777777777777782,13.013013013013127
371,6.537372985304068,34.54070284784072,31.93393393393394,13.013013013013127
372,6.588313226129655,34.62218625617271,32.090090090090094,13.01301301301283
373,6.639475355552711,34.70353052752396,32.24624624624625,13.013013013013127
374,6.690858993540248,34.784735057668115,32.40240240240241,13.013013013013127
375,6.7424637584139075,34.865799243416824,32.558558558558566,13.013013013013127
376,6.794289266852796,34.946722482624224,32.714714714714724,13.013013013013127
377,6.846335133896332,35.027504174191385,32.87087087087087,13.013013013011943
378,6.89860097294712,35.10814371807083,33.027027027027025,13.013013013013127
379,6.951086395773789,35.188640515270926,33.18318318318318,13.013013013013127
380,7.003791012513917,35.26899396786036,33.33933933933934,13.013013013013127
381,7.056714431676894,35.34920347897262,33.495495495495504,13.013013013013719
382,7.109856260146839,35.42926845281036,33.65165165165165,13.013013013011943
383,7.163216103185542,35.50918829464987,33.807807807807805,13.013013013013127
384,7.216793564435359,35.58896241084548,33.96396396396396,13.013013013013127
385,7.270588245922188,35.66859020883398,34.12012012012012,13.013013013013127
386,7.324599748058399,35.74807109713902,34.27627627627628,13.013013013013127
387,7.378827669645829,35.82740448537546,34.432432432432435,13.013013013013127
388,7.433271607878741,35.906589784253846,34.58858858858859,13.013013013013127
389,7.487931158346827,35.985626405584675,34.74474474474475,13.013013013013127
390,7.5428059150381985,36.06451376228288,34.90090090090091,13.013013013013127
391,7.597895470342428,36.14325126837209,35.057057057057065,13.013013013013127
392,7.653199415053547,36.221838338989066,35.21321321321321,13.013013013011943
393,7.708717338373109,36.30027439038796,35.369369369369366,13.013013013013127
394,7.764448827913229,36.37855883994472,35.525525525525524,13.013013013013127
395,7.8203934696996456,36.45669110616143,35.68168168168168,13.013013013013127
396,7.876550848174805,36.53467060867052,35.83783783783784,13.013013013013127
397,7.932920546200931,36.6124967682392,35.99399399399399,13.013013013012534
398,7.989502145063157,36.69016900677371,36.15015015015015,13.013013013013127
399,8.046295224472592,36.7676867473236,36.306306306306304,13.013013013013127
400,8.103299362569478,36.845049414086056,36.46246246246246,13.013013013013127
401,8.160514135926297,36.92225643241014,36.61861861861862,13.013013013013127
402,8.217939119550943,36.99930722880106,36.77477477477478,13.013013013013127
403,8.275573886889864,37.07620123092447,36.930930930930934,13.013013013013127
404,8.333418009831226,37.15293786761068,37.08708708708709,13.013013013013127
405,8.391471058708099,37.22951656885893,37.24324324324325,13.013013013013127
406,8.449732602301648,37.30593676584156,37.39939939939941,13.013013013013127
407,8.508202207844338,37.38219789090832,37.555555555555564,13.013013013013127
408,8.566879441023149,37.45829937759055,37.71171171171171,13.013013013011943
409,8.625763865982805,37.53424066060538,37.867867867867865,13.013013013013127
410,8.684855045328996,37.61002117585991,38.02402402402402,13.013013013013127
411,8.744152540131637,37.68564036045547,38.18018018018018,13.013013013013127
412,8.803655909928139,37.76109765269174,38.33633633633634,13.013013013013127
413,8.863364712726666,37.83639249207089,38.49249249249249,13.013013013012534
414,8.92327850500942,37.911524319301876,38.648648648648646,13.013013013013127
415,8.983396841735939,37.98649257630446,38.80480480480481,13.013013013013719
416,9.043719276346406,38.06129670621339,38.96096096096097,13.013013013013127
417,9.104245360764965,38.1359361533826,39.117117117117125,13.013013013013127
418,9.164974645403031,38.21041036338925,39.273273273273276,13.013013013012534
419,9.225906679162666,38.28471878303791,39.42942942942943,13.013013013013127
420,9.28704100943989,38.35886086036464,39.58558558558559,13.013013013013127
421,9.348377182128079,38.43283604464108,39.74174174174175,13.013013013013127
422,9.409914741621305,38.50664378637855,39.897897897897906,13.013013013013127
423,9.471653230817736,38.58028353733214,40.05405405405405,13.013013013011943
424,9.533592191123056,38.65375475050481,40.21021021021021,13.013013013013127
425,9.595731162453818,38.727056880151366,40.366366366366364,13.013013013013127
426,9.658069683240907,38.80018938178262,40.52252252252252,13.013013013013127
427,9.72060729043294,38.873151712169346,40.67867867867868,13.013013013013127
428,9.783343519499727,38.94594332934638,40.83483483483483,13.013013013012534
429,9.846277904435714,39.018563692616574,40.990990990990994,13.013013013013719
430,9.909409977763435,39.09101226255492,41.14714714714715,13.013013013013127
431,9.972739270536989,39.163288501012445,41.30330330330331,13.013013013013127
432,10.036265312345538,39.235391871120264,41.45945945945947,13.013013013013127
433,10.099987631316777,39.30732183729358,41.61561561561562,13.013013013012534
434,10.163905754120469,39.379077865235615,41.771771771771775,13.013013013013127
435,10.228019205971925,39.450659421941644,41.92792792792793,13.013013013013127
436,10.292327510635557,39.52206597570289,42.08408408408409,13.013013013013127
437,10.35683019042841,39.59329699611049,42.24024024024025,13.013013013013127
438,10.421526766223696,39.66435195405946,42.39639639639639,13.013013013011943
439,10.486416757454386,39.73523032175263,42.55255255255255,13.013013013013127
440,10.551499682116741,39.805931572704516,42.708708708708706,13.013013013013127
441,10.61677505677392,39.876455181745264,42.86486486486486,13.013013013013127
442,10.682242396559554,39.94680062502455,43.02102102102102,13.013013013013127
443,10.74790121518135,40.01696738001548,43.17717717717718,13.013013013013127
444,10.813751024924722,40.08695492551844,43.333333333333336,13.013013013013127
445,10.87979133665639,40.15676274166499,43.48948948948949,13.013013013013127
446,10.94602165982803,40.22639030992174,43.64564564564565,13.013013013013127
447,11.012441502479895,40.29583711309416,43.80180180180181,13.013013013013127
448,11.079050371244493,40.36510263533046,43.95795795795796,13.013013013012534
449,11.145847771350256,40.434186362125395,44.114114114114116,13.013013013013127
450,11.212833206625186,40.503087780324115,44.270270270270274,13.013013013013127
451,11.280006179500566,40.57180637812595,44.42642642642643,13.013013013013127
452,11.347366191014642,40.64034164508824,44.58258258258259,13.013013013013127
453,11.41491274081633,40.708693072130075,44.738738738738746,13.013013013013127
454,11.482645327168948,40.77686015153612,44.89489489489489,13.013013013011943
455,11.550563446953932,40.84484237696042,45.05105105105105,13.013013013013127
456,11.618666595674568,40.91263924343006,45.207207207207205,13.013013013013127
457,11.686954267459742,40.980250247349,45.36336336336336,13.013013013013127
458,11.755425955067706,41.0476748865018,45.51951951951953,13.013013013013719
459,11.824081149889833,41.11491266005731,45.67567567567568,13.013013013012534
460,11.892919341954414,41.18196306857246,45.831831831831835,13.013013013013127
461,11.961940019930418,41.24882561399588,45.98798798798799,13.013013013013127
462,12.031142671131322,41.3154997996717,46.14414414414415,13.013013013013127
463,12.100526781518889,41.38198513034315,46.30030030030031,13.013013013013127
464,12.17009183570701,41.4482811121563,46.45645645645646,13.013013013012534
465,12.239837316965524,41.51438725266372,46.612612612612615,13.013013013013127
466,12.309762707224051,41.58030306082807,46.76876876876877,13.013013013013127
467,12.379867487075844,41.64602804702586,46.92492492492493,13.013013013013127
468,12.450151135781649,41.711561723050984,47.08108108108109,13.013013013013127
469,12.520613131273565,41.77690360211841,47.23723723723723,13.013013013011943
470,12.591252950158953,41.842053198867795,47.39339339339339,13.013013013013127
471,12.66207006772427,41.907010029367044,47.54954954954955,13.013013013013719
472,12.733063957939011,41.97177361111593,47.70570570570571,13.013013013013127
473,12.804234093459595,42.0363434630497,47.86186186186187,13.013013013013127
474,12.875579945633296,42.10071910554261,48.01801801801802,13.013013013012534
475,12.947100984502155,42.164900060411526,48.174174174174176,13.013013013013127
476,13.018796678806929,42.22888585091945,48.330330330330334,13.013013013013127
477,13.090666495991028,42.29267600177905,48.48648648648649,13.013013013013127
478,13.162709902204481,42.35627003915624,48.64264264264265,13.013013013013127
479,13.234926362307883,42.41966749067363,48.7987987987988,13.013013013012534
480,13.307315339876402,42.4828678854141,48.95495495495496,13.013013013013127
481,13.379876297203724,42.54587075392427,49.111111111111114,13.013013013013127
482,13.452608695306079,42.60867562821797,49.26726726726727,13.013013013013127
483,13.52551199392623,42.671282041779754,49.42342342342343,13.013013013013127
484,13.59858565153748,42.733689529568316,49.57957957957957,13.013013013011943
485,13.671829125347726,42.79589762802001,49.73573573573574,13.013013013013719
486,13.745241871303442,42.857905875052225,49.891891891891895,13.013013013013127
487,13.818823344093758,42.919713810066874,50.04804804804805,13.013013013013127
488,13.892572997154504,42.981320973953764,50.20420420420421,13.013013013013127
489,13.966490282672247,43.04272690909407,50.36036036036035,13.013013013011943
490,14.040574651588402,43.10393115936366,50.51651651651652,13.013013013013719
491,14.114825553603271,43.16493327013653,50.672672672672675,13.013013013013127
492,14.189242437180141,43.22573278828819,50.82882882882883,13.013013013013127
493,14.263824749549402,43.286329262198976,50.98498498498499,13.013013013013127
494,14.338571936712624,43.346722241757476,51.14114114114115,13.013013013013127
495,14.413483443446687,43.406911278363815,51.2972972972973,13.013013013012534
496,14.488558713307906,43.46689592493302,51.453453453453456,13.013013013013127
497,14.563797188636165,43.526675735898316,51.60960960960961,13.013013013013127
498,14.639198310559047,43.58625026721445,51.76576576576577,13.013013013013127
499,14.714761518995994,43.64561907636102,51.92192192192193,13.013013013013127
500,14.790486252662472,43.704781722345686,52.07807807807808,13.013013013012534
501,14.866371949074141,43.76373776570754,52.234234234234236,13.013013013013127
502,14.942418044551014,43.82248676852026,52.390390390390394,13.013013013013127
503,15.018623974221665,43.88102829439547,52.54654654654655,13.013013013013127
504,15.094989172027422,43.939361908485935,52.70270270270271,13.013013013013127
505,15.171513070726554,43.997487177488765,52.85885885885886,13.013013013012534
506,15.248195101898512,44.05540366964869,53.01501501501502,13.013013013013127
507,15.325034695948126,44.11311095476121,53.171171171171174,13.013013013013127
508,15.402031282109853,44.17060860417584,53.32732732732733,13.013013013013127
509,15.47918428845201,44.22789619079924,53.48348348348349,13.013013013013127
510,15.556493141881015,44.28497328909846,53.63963963963964,13.013013013012534
511,15.633957268145666,44.341839475104045,53.7957957957958,13.013013013013127
512,15.71157609184138,44.39849432641318,53.951951951951955,13.013013013013127
513,15.789349036414489,44.45493742219287,54.10810810810811,13.013013013013127
514,15.8672755241665,44.511168343183044,54.26426426426427,13.013013013013127
515,15.945354976258406,44.567186671699645,54.42042042042042,13.013013013012534
516,16.02358681271499,44.622991991637775,54.57657657657658,13.013013013013127
517,16.101970452429104,44.67858388847477,54.732732732732735,13.013013013013127
518,16.180505313166016,44.733961949273265,54.88888888888889,13.013013013013127
519,16.259190811567713,44.78912576268426,55.04504504504505,13.013013013013127
520,16.338026363157244,44.84407491895022,55.201201201201194,13.013013013011943
521,16.417011382343077,44.89880900990806,55.35735735735735,13.013013013013127
522,16.496145282423413,44.95332762899221,55.51351351351351,13.013013013013127
523,16.575427475590573,45.007630371237646,55.66966966966968,13.01301301301431
524,16.654857372935346,45.06171683328284,55.82582582582584,13.013013013013127
525,16.734434384451376,45.11558661337282,55.98198198198198,13.013013013011943
526,16.81415791903956,45.16923931136214,56.13813813813814,13.013013013013127
527,16.894027384512395,45.222674528717846,56.294294294294296,13.013013013013127
528,16.974042187598407,45.2758918685224,56.450450450450454,13.013013013013127
529,17.054201733946563,45.328890935476686,56.60660660660661,13.013013013013127
530,17.13450542813066,45.38167133590293,56.76276276276276,13.013013013012534
531,17.214952673653773,45.43423267774757,56.91891891891892,13.013013013013127
532,17.29554287295268,45.48657457058429,57.07507507507508,13.013013013013127
533,17.376275427402284,45.53869662561677,57.231231231231234,13.013013013013127
534,17.457149737320073,45.5905984556817,57.38738738738739,13.013013013013127
535,17.538165201970582,45.642279675251565,57.54354354354355,13.013013013013127
536,17.619321219569837,45.693739900437585,57.69969969969969,13.013013013011943
537,17.700617187289858,45.74497874899249,57.85585585585585,13.013013013013127
538,17.78205250126308,45.79599584031344,58.01201201201201,13.013013013013127
539,17.8636265565869,45.84679079544478,58.16816816816818,13.01301301301431
540,17.94533874732812,45.89736323708089,58.32432432432434,13.013013013013127
541,18.02718846652748,45.94771278956899,58.48048048048048,13.013013013011943
542,18.109175106204162,45.99783907891194,58.63663663663664,13.013013013013127
543,18.191298057360303,46.04774173277096,58.792792792792795,13.013013013013127
544,18.273556709985503,46.09742038046848,58.94894894894896,13.013013013013719
545,18.355950453061375,46.14687465299082,59.10510510510512,13.013013013013127
546,18.438478674566074,46.196104182990986,59.26126126126126,13.013013013011943
547,18.521140761478872,46.24510860479135,59.41741741741742,13.013013013013127
548,18.603936099784658,46.29388755438641,59.573573573573576,13.013013013013127
549,18.686864074478542,46.34244066944547,59.72972972972973,13.013013013013127
550,18.769924069570397,46.39076758931534,59.88588588588589,13.013013013013127
551,18.853115468089456,46.43886795502297,60.042042042042034,13.013013013011943
552,18.93643765208889,46.486741409278245,60.19819819819819,13.013013013013127
553,19.019890002650392,46.534387596476456,60.35435435435435,13.013013013013127
554,19.10347189988877,46.58180616270112,60.51051051051052,13.01301301301431
555,19.187182722956553,46.62899675572645,60.66666666666668,13.013013013013127
556,19.27102185004861,46.67595902502008,60.82282282282282,13.013013013011943
557,19.35498865840678,46.72269262174566,60.978978978978986,13.013013013013719
558,19.439082524324473,46.76919719876539,61.135135135135144,13.013013013013127
559,19.52330282315131,46.81547241064265,61.2912912912913,13.013013013013127
560,19.60764892929778,46.861517913644526,61.44744744744746,13.013013013013127
561,19.692120216239847,46.907333365744414,61.6036036036036,13.013013013011943
562,19.776716056523668,46.9529184266245,61.75975975975976,13.013013013013127
563,19.86143582177019,46.99827275767835,61.91591591591592,13.013013013013127
564,19.94627888267984,47.04339602201337,62.072072072072075,13.013013013013127
565,20.031244609037227,47.08828788445334,62.22822822822823,13.013013013013127
566,20.116332369715767,47.1329480115409,62.384384384384376,13.013013013011943
567,20.201541532682445,47.177376071540024,62.54054054054053,13.013013013013127
568,20.286871465002427,47.22157173443848,62.69669669669669,13.013013013013127
569,20.37232153284383,47.265534671950284,62.85285285285285,13.013013013013127
570,20.4578911014824,47.30926455751815,63.00900900900902,13.01301301301431
571,20.543579535306193,47.35276106631588,63.16516516516517,13.013013013012534
572,20.62938619782039,47.39602387525082,63.32132132132133,13.013013013013127
573,20.715310451651934,47.439052662966255,63.477477477477485,13.013013013013127
574,20.801351658554303,47.48184710984375,63.63363363363364,13.013013013013127
575,20.887509179412245,47.52440689800559,63.7897897897898,13.013013013013127
576,20.973782374246532,47.56673171131708,63.94594594594596,13.013013013013127
577,21.060170602218694,47.60882123538894,64.10210210210211,13.013013013012534
578,21.146673221635822,47.650675157579606,64.25825825825827,13.013013013013127
579,21.23328958995528,47.69229316699759,64.41441441441442,13.013013013013127
580,21.320019063789513,47.73367495450375,64.57057057057058,13.013013013013127
581,21.40686099891081,47.7748202127136,64.72672672672674,13.013013013013127
582,21.493814750256096,47.81572863599962,64.88288288288288,13.013013013011943
583,21.58087967193174,47.85639992049348,65.03903903903904,13.013013013013127
584,21.668055117218326,47.89683376408833,65.1951951951952,13.013013013013127
585,21.75534043857547,47.93702986644103,65.35135135135137,13.01301301301431
586,21.842734987646608,47.97698792897439,65.50750750750753,13.013013013013127
587,21.930238115263847,48.01670765487937,65.66366366366367,13.013013013011943
588,22.017849171452788,48.056188749117325,65.81981981981983,13.013013013013127
589,22.105567505437303,48.095430918422146,65.97597597597598,13.013013013013127
590,22.193392465644425,48.13443387130246,66.13213213213214,13.013013013013127
591,22.281323399709166,48.17319731804382,66.2882882882883,13.013013013013127
592,22.36935965447934,48.2117209707108,66.44444444444444,13.013013013011943
593,22.45750057602048,48.2500045431492,66.6006006006006,13.013013013013127
594,22.54574550962061,48.28804775098813,66.75675675675676,13.013013013013127
595,22.63409379979517,48.325850311642114,66.91291291291292,13.013013013013127
596,22.722544790291874,48.36341194431323,67.06906906906907,13.013013013013127
597,22.81109782409555,48.40073236999315,67.22522522522522,13.013013013011943
598,22.899752243433085,48.43781131146526,67.38138138138137,13.013013013013127
599,22.98850738977824,48.474648493306674,67.53753753753753,13.013013013013127
600,23.077362603856585,48.5112436418903,67.69369369369369,13.013013013013127
601,23.1663172256504,48.547596485386904,67.84984984984986,13.01301301301431
602,23.255370594403526,48.583706753767046,68.006006006006,13.013013013011943
603,23.344522048626352,48.61957417880316,68.16216216216216,13.013013013013127
604,23.43377092610067,48.65519849407156,68.31831831831832,13.013013013013127
605,23.523116563884603,48.69057943495432,68.47447447447448,13.013013013013127
606,23.61255829831755,48.725716738641346,68.63063063063063,13.013013013013127
607,23.70209546502508,48.76061014413226,68.78678678678679,13.013013013013127
608,23.79172739892393,48.79525939223838,68.94294294294295,13.013013013013127
609,23.881453434226867,48.82966422558462,69.0990990990991,13.013013013013127
610,23.971272904447694,48.86382438861142,69.25525525525526,13.013013013013127
611,24.061185142406167,48.89773962757663,69.41141141141142,13.013013013013127
612,24.151189480232954,48.931409690557366,69.56756756756756,13.013013013011943
613,24.241285249374634,48.964834327451975,69.72372372372372,13.013013013013127
614,24.331471780598605,48.998013289981785,69.87987987987988,13.013013013013127
615,24.42174840399809,49.03094633169304,70.03603603603604,13.013013013013127
616,24.512114448997114,49.06363320795861,70.1921921921922,13.013013013013127
617,24.60256924435547,49.09607367597999,70.34834834834835,13.013013013013127
618,24.69311211817371,49.1282674947889,70.50450450450451,13.013013013013127
619,24.78374239789814,49.16021442524926,70.66066066066067,13.013013013013127
620,24.874459410325823,49.1919142300588,70.81681681681683,13.013013013013127
621,24.965262481609557,49.22336667375097,70.97297297297298,13.013013013013127
622,25.056150937262895,49.25457152269656,71.12912912912914,13.013013013013127
623,25.14712410216516,49.28552854510556,71.28528528528528,13.013013013011943
624,25.238181300566467,49.31623751102877,71.44144144144144,13.013013013013127
625,25.329321856092694,49.34669819235958,71.5975975975976,13.013013013013127
626,25.42054509175057,49.37691036283565,71.75375375375376,13.013013013013127
627,25.51185032993266,49.40687379804056,71.90990990990991,13.013013013013127
628,25.603236892422423,49.43658827540549,72.06606606606606,13.013013013011943
629,25.694704100399232,49.46605357421093,72.22222222222221,13.013013013013127
630,25.786251274443437,49.49526947558822,72.37837837837837,13.013013013013127
631,25.877877734541382,49.52423576252126,72.53453453453453,13.013013013013127
632,25.96958280009049,49.552952219848066,72.6906906906907,13.01301301301431
633,26.06136578990427,49.58141863426242,72.84684684684684,13.013013013011943
634,26.15322602221745,49.609634794315404,73.003003003003,13.013013013013127
635,26.24516281469098,49.63760049041699,73.15915915915916,13.013013013013127
636,26.337175484417116,49.66531551483763,73.31531531531533,13.01301301301431
637,26.4292633479245,49.69277966170972,73.47147147147149,13.013013013013127
638,26.521425721183235,49.71999272702922,73.62762762762763,13.013013013011943
639,26.613661919609974,49.746954508657126,73.78378378378379,13.013013013013127
640,26.70597125807298,49.77366480632094,73.93993993993995,13.013013013013127
641,26.798353050897237,49.80012342161621,74.0960960960961,13.013013013013127
642,26.89080661186954,49.826330158007984,74.25225225225226,13.013013013013127
643,26.983331254243573,49.85228482083228,74.4084084084084,13.013013013011943
644,27.075926290745066,49.877987217297495,74.56456456456456,13.013013013013127
645,27.16859103357681,49.90343715648589,74.72072072072072,13.013013013013127
646,27.261324794423853,49.92863444935498,74.87687687687688,13.013013013013127
647,27.354126884458562,49.95357890873892,75.03303303303304,13.013013013013127
648,27.446996614345757,49.978270349349934,75.1891891891892,13.013013013013127
649,27.53993329424782,50.002708587779665,75.34534534534535,13.013013013013127
650,27.632936233829845,50.026893442500544,75.50150150150151,13.013013013013127
651,27.726004742264728,50.05082473386714,75.65765765765767,13.013013013013127
652,27.819138128238336,50.07450228411751,75.81381381381382,13.013013013013127
653,27.9123356999546,50.097925917374475,75.96996996996997,13.013013013011943
654,28.00559676514072,50.12109545964699,76.12612612612612,13.013013013013127
655,28.09892063105223,50.14401073883136,76.28228228228228,13.013013013013127
656,28.19230660447819,50.16667158471259,76.43843843843844,13.013013013013127
657,28.28575399174633,50.18907782896561,76.5945945945946,13.013013013013127
658,28.37926209872818,50.21122930515653,76.75075075075074,13.013013013011943
659,28.472830230844266,50.23312584874389,76.9069069069069,13.013013013013127
660,28.56645769306924,50.25476729707987,77.06306306306305,13.013013013013127
661,28.660143789937035,50.27615348941149,77.21921921921921,13.013013013013127
662,28.75388782554606,50.297284266881846,77.37537537537537,13.013013013013127
663,28.847689103564353,50.31815947253121,77.53153153153154,13.01301301301431
664,28.941546927234732,50.33877895129828,77.6876876876877,13.013013013013127
665,29.035460599380038,50.35914255002129,77.84384384384386,13.013013013013127
666,29.12942942240823,50.37925011743916,78.00000000000001,13.013013013013127
667,29.22345267132589,50.39910163246662,78.15592168745322,12.993473954433435
668,29.317529514862663,50.41869758945543,78.31137443750058,12.954395837279975
669,29.411659100111333,50.4380386141228,78.46635825014204,12.915317720121777
670,29.50584058003714,50.45712533535197,78.62087312537764,12.876239602967132
671,29.600073113470728,50.47595838515543,78.77491906320736,12.83716148581012
672,29.694355865101098,50.494538398638554,78.9284960636312,12.798083368653105
673,29.788688005468263,50.51286601396332,79.08160412664918,12.75900525149846
674,29.883068710955662,50.53094187231222,79.23424325226127,12.719927134340262
675,29.977497163782566,50.548766617852536,79.3864134404675,12.680849017186802
676,30.071972551996,50.566340897700606,79.53811469126785,12.641770900028604
677,30.16649406946283,50.58366536188652,79.68934700466232,12.602692782872774
678,30.261060915861304,50.60074066331887,79.84011038065093,12.563614665716946
679,30.355672296672658,50.61756745774977,79.99040481923366,12.524536548561116
680,30.45032742317245,50.63414640374016,80.14023032041051,12.485458431404103
681,30.545025512421667,50.65047816262515,80.28958688418149,12.446380314248273
682,30.639765787257737,50.66656339847975,80.43847451054658,12.40730219709126
683,30.734547476285353,50.682402778084715,80.58689319950582,12.368224079936615
684,30.829369813866982,50.69799697089265,80.73484295105916,12.329145962778417
685,30.924232040113402,50.71334664899428,80.88232376520666,12.290067845624955
686,31.01913340087393,50.72845248708498,81.02933564194826,12.250989728466758
687,31.11407314772655,50.7433151624315,81.175878581284,12.21191161131093
688,31.209050537967737,50.757935354838885,81.32195258321386,12.1728334941551
689,31.304064834602382,50.772313746617655,81.46755764773783,12.133755376998087
690,31.399115306333268,50.78645102255115,81.61269377485596,12.094677259843442
691,31.494201227550473,50.800347869863096,81.75736096456818,12.055599142685244
692,31.589321878320785,50.81400497818543,81.90155921687455,12.016521025530599
693,31.6844765443766,50.827423039526266,82.04528853177503,11.977442908373584
694,31.779664517105083,50.84060274823815,82.18854890926963,11.938364791216571
695,31.874885093536854,50.85354480098645,82.33134034935838,11.899286674063111
696,31.97013757633455,50.86624989671802,82.47366285204123,11.860208556903729
697,32.06542127378152,50.87871873663006,82.61551641731825,11.821130439751451
698,32.160735499769906,50.8909520241392,82.75690104518935,11.78205232259207
699,32.25607957378907,50.90295046485073,82.89781673565457,11.742974205435056
700,32.3514528209135,50.914714766528135,83.03826348871395,11.703896088281596
701,32.446854571790645,50.92624563906279,83.17824130436743,11.664817971123398
702,32.542284162628846,50.93754379444389,83.31775018261506,11.625739853968753
703,32.637740935184745,50.948609946728574,83.4567901234568,11.58666173681174
704,32.733224236750935,50.959444812012244,83.59536112689267,11.54758361965591
705,32.82873342014315,50.97004910839917,83.73346319292266,11.508505502498897
706,32.92426784368752,50.9804235559732,83.87109632154679,11.469427385344252
707,33.019826871207584,50.990568876768805,84.00826051276503,11.430349268187237
708,33.11540987201128,51.0004857947422,84.1449557665774,11.391271151030224
709,33.21101622087768,51.010175035742776,84.28118208298389,11.352193033874395
710,33.30664529804369,51.01963732748474,84.41693946198453,11.31311491671975
711,33.402296489190505,51.02887339951888,84.55222790357926,11.274036799561552
712,33.49796918543014,51.03788398320463,84.68704740776815,11.234958682406907
713,33.59366278329156,51.04666981168233,84.82139797455113,11.195880565248709
714,33.689376684707014,51.055231619845614,84.95527960392826,11.156802448094064
715,33.7851102969979,51.06357014431417,85.08869229589952,11.117724330938236
716,33.88086303286078,51.0716861234065,85.2216360504649,11.078646213781221
717,33.97663431035315,51.079580297113104,85.3541108676244,11.039568096625393
718,34.0724235528791,51.08725340706968,85.48611674737802,11.000489979468378
719,34.168230189174935,51.094706196530694,85.61765368972576,10.961411862311365
720,34.264053653294575,51.10193941034303,85.74872169466767,10.922333745159088
721,34.359893384594855,51.108953794919934,85.87932076220366,10.883255627999707
722,34.45574882772088,51.11575009821513,86.00945089233379,10.844177510843878
723,34.55161943259099,51.12232906969714,86.13911208505804,10.805099393688048
724,34.64750465438189,51.128691460323815,86.26830434037642,10.766021276531035
725,34.743403953513514,51.13483802251709,86.39702765828893,10.72694315937639
726,34.83931679563374,51.140769510137915,86.52528203879557,10.687865042219377
727,34.93524265160326,51.14648667846141,86.65306748189633,10.648786925063547
728,35.03118099748,51.15199028415222,86.78038398759121,10.609708807906534
729,35.127131314503714,51.1572810852401,86.9072315558802,10.57063069074952
730,35.223093089080386,51.16235984109563,87.03361018676334,10.531552573594874
731,35.319065812766404,51.16722731240624,87.1595198802406,10.492474456437861
732,35.415048982252934,51.17188426115235,87.28496063631201,10.453396339284401
733,35.51104209934989,51.17633145058374,87.40993245497751,10.414318222125019
734,35.60704467097004,51.18056964519615,87.53443533623714,10.375240104969189
735,35.70305620911285,51.18459961070805,87.65846928009091,10.336161987814544
736,35.79907623084836,51.18842211403763,87.7820342865388,10.29708387065753
737,35.895104258300925,51.19203792327996,87.90513035558082,10.2580057535017
738,35.99113981863284,51.19544780768441,88.02775748721695,10.218927636343503
739,36.08718244402796,51.1986525376322,88.14991568144723,10.179849519190043
740,36.183231671675145,51.2016528846142,88.27160493827162,10.14077140203303
741,36.27928704375163,51.204449621208916,88.39282525769013,10.101693284876015
742,36.37534810740644,51.20704352106065,88.51357663970278,10.062615167720187
743,36.4714144147435,51.20943535885792,88.63385908430955,10.023537050564357
744,36.5674855228049,51.211625910312,88.75367259151042,9.98445893340616
745,36.66356099355396,51.213615952135704,88.87301716130546,9.9453808162527
746,36.75964039385811,51.21540626202238,88.9918927936946,9.906302699095685
747,36.855723295472,51.21699761862504,89.11029948867788,9.867224581939857
748,36.9518092750202,51.218390801535755,89.22823724625528,9.828146464782842
749,37.04789791398007,51.219586591265184,89.34570606642679,9.789068347625829
750,37.14398879866443,51.22058576922237,89.46270594919244,9.749990230471184
751,37.24008152020417,51.22138911769464,89.57923689455221,9.710912113314171
752,37.3361756745309,51.221997419827765,89.69529890250614,9.671833996160709
753,37.43227086235931,51.2224114596063,89.81089197305414,9.632755879000143
754,37.52836668916974,51.2226320218341,89.92601610619629,9.593677761845498
755,37.624462765190486,51.22265989211503,90.04067130193258,9.554599644690853
756,37.72055870538006,51.222495856833895,90.15485756026297,9.515521527532655
757,37.8166541294095,51.22214070313749,90.26857488118752,9.476443410379195
758,37.91274866164447,51.221595218915965,90.38182326470616,9.437365293219813
759,38.00884193112743,51.220860192784215,90.49460271081894,9.398287176065168
760,38.10493357155968,51.21993641406362,90.60691321952585,9.359209058909338
761,38.20102322128329,51.21882467276383,90.71875479082688,9.320130941752325
762,38.29711052326312,51.217525759564886,90.83012742472202,9.281052824595312
763,38.39319512506863,51.21604046579937,90.94103112121132,9.24197470744185
764,38.48927667885576,51.21436958343485,91.05146588029471,9.202896590282469
765,38.58535484134865,51.21251390505651,91.16143170197225,9.163818473127824
766,38.68142927382136,51.21047422384987,91.27092858624391,9.124740355971994
767,38.777499642079555,51.20825133358381,91.37995653310969,9.085662238814981
768,38.873565616442086,51.20584602859369,91.4885155425696,9.046584121659151
769,38.96962687172257,51.2032591037647,91.59660561462366,9.007506004504506
770,39.065683087210886,51.20049135451538,91.7042267492718,8.968427887345124
771,39.161733946654635,51.19754357678128,91.81137894651408,8.929349770190479
772,39.25777913824059,51.19441656699889,91.91806220635051,8.890271653035834
773,39.35381835457598,51.19111112208969,92.02427652878104,8.851193535877636
774,39.449851292669905,51.18762803944434,92.13002191380572,8.81211541872299
775,39.54587765391451,51.18396811690718,92.2352983614245,8.773037301564793
776,39.64189714406635,51.18013215276074,92.3401058716374,8.733959184408965
777,39.7379094732275,51.176120945710565,92.44444444444446,8.69488106725432
778,39.83391435582662,51.171935294870174,92.54831407984562,8.655802950097305
779,39.92991151060029,51.167575999746134,92.65171477784092,8.616724832941477
780,40.02590066057383,51.16304386022342,92.75464653843034,8.577646715784462
781,40.121881533042504,51.15833967655085,92.85710936161387,8.53856859862745
782,40.21785385955248,51.15346424932675,92.95910324739154,8.499490481472805
783,40.313817375881655,51.14841837948479,93.06062819576334,8.460412364316975
784,40.40977182202076,51.14320286827996,93.16168420672928,8.421334247161147
785,40.505716942154145,51.137818517274724,93.26227128028931,8.382256130002949
786,40.601652484640624,51.132266128325426,93.36238941644348,8.343178012847119
787,40.69757820199433,51.12654650356872,93.46203861519179,8.304099895692474
788,40.79349385086544,51.12066044540829,93.5612188765342,8.265021778534276
789,40.88939919202103,51.114608756501696,93.65993020047075,8.225943661379631
790,40.985293990325644,51.10839223974738,93.75817258700144,8.186865544223801
791,41.08117801472212,51.10201169827186,93.85594603612621,8.14778742706442
792,41.17705103821221,51.095467935417076,93.95325054784516,8.108709309912143
793,41.272912837837175,51.088761754727905,94.05008612215819,8.06963119275276
794,41.36876319465842,51.08189395993984,94.1464527590654,8.030553075600485
795,41.46460189373806,51.07486535496683,94.24235045856668,7.991474958439918
796,41.56042872411949,51.06767674388934,94.3377792206621,7.952396841285273
797,41.65624347880792,51.060328930942426,94.43273904535168,7.913318724131813
798,41.752045954750805,51.052822720504174,94.52722993263535,7.87424060697243
799,41.847835952818414,51.04515891708413,94.62125188251316,7.835162489817785
800,41.94361327778422,51.03733832531198,94.71480489498508,7.796084372659587
801,42.03937773830536,51.029361749926366,94.80788897005114,7.757006255504942
802,42.13512914690307,51.02122999576386,94.90050410771133,7.717928138349113
803,42.23086731994296,51.01294386774811,94.99265030796563,7.678850021192099
804,42.32659207761557,51.0045041708791,95.08432757081407,7.63977190403627
805,42.422303243916524,50.99591171022266,95.17553589625663,7.600693786880441
806,42.518000646627,50.98716729089998,95.2662752842933,7.561615669722244
807,42.613684117294,50.97827171807749,95.35654573492413,7.5225375525687825
808,42.70935349121058,50.96922579695665,95.44634724814907,7.483459435411769
809,42.80500860739624,50.96003033276411,95.53567982396814,7.44438131825594
810,42.90064930857708,50.95068613074191,95.62454346238131,7.405303201097742
811,42.99627544116613,50.94119399613781,95.71293816338861,7.366225083941913
812,43.09188685524352,50.931554734195906,95.80086392699006,7.327146966787268
813,43.18748340453672,50.9217691501472,95.88832075318562,7.288068849630254
814,43.28306494640075,50.91183804920051,95.97530864197533,7.248990732475609
815,43.37863134179834,50.9017622365334,96.06182759335914,7.209912615317411
816,43.47418245528012,50.891542517283334,96.14787760733707,7.1708344981603975
817,43.56971815496483,50.88117969653891,96.23345868390915,7.131756381006937
818,43.66523831251937,50.870674579331315,96.31857082307533,7.09267826384874
819,43.76074280313907,50.860027970625865,96.40321402483566,7.0536001466940945
820,43.85623150552765,50.84924067531374,96.48738828919011,7.014522029537081
821,43.951704301877555,50.83831349820379,96.57109361613867,6.975443912380068
822,44.04716107784991,50.82724724401458,96.65433000568137,6.936365795225423
823,44.14260172255463,50.816042717366514,96.73709745781818,6.897287678067225
824,44.23802612853065,50.80470072277409,96.81939597254915,6.858209560913764
825,44.33343419172581,50.79322206463838,96.9012255498742,6.819131443754382
826,44.42882581147712,50.781607547239524,96.9825861897934,6.780053326599737
827,44.524200890490754,50.76985797472949,97.06347789230674,6.740975209445092
828,44.61955933482207,50.75797415112488,97.14390065741418,6.701897092286894
829,44.71490105385581,50.745956880299914,97.22385448511577,6.662818975132249
830,44.81022596028597,50.73380696597957,97.30333937541145,6.6237408579740515
831,44.905533970096045,50.7215252117328,97.38235532830127,6.584662740818222
832,45.00082500253896,50.70911242096595,97.46090234378524,6.545584623663577
833,45.096098980117105,50.69656939691625,97.53898042186331,6.506506506506564
834,45.19135582856248,50.683896942645504,97.61658956253552,6.467428389350734
835,45.2865954768166,50.671095861033855,97.69372976580185,6.428350272193721
836,45.38181785701065,50.658166954773705,97.7704010316623,6.389272155037891
837,45.477022904445484,50.64511102636379,97.84660336011689,6.350194037882062
838,45.572210557571566,50.63192887810335,97.92233675116559,6.311115920725048
839,45.667380757969156,50.618621312086425,97.99760120480842,6.272037803569219
840,45.76253345032821,50.60518913019633,98.07239672104538,6.23295968641339
841,45.857668582428495,50.5916331341002,98.14672329987646,6.1938815692563765
842,45.95278610511961,50.577954125243686,98.22058094130168,6.154803452101731
843,46.04788597230091,50.56415290484581,98.293969645321,6.115725334943534
844,46.14296814090174,50.550230273893874,98.36688941193448,6.0766472177900726
845,46.238032570861236,50.53618703313857,98.43934024114206,6.037569100631875
846,46.33307922510856,50.52202398308913,98.51132213294376,5.998490983474862
847,46.42810806954283,50.5077419240087,98.5828350873396,5.959412866320217
848,46.52311907301315,50.493341655909774,98.65387910432956,5.920334749163203
849,46.61811220729872,50.47882397854972,98.72445418391366,5.881256632008558
850,46.713087447088824,50.46418969142652,98.79456032609187,5.84217851485036
851,46.808044769962876,50.44943959377452,98.8641975308642,5.803100397694531
852,46.90298415637054,50.43457448456042,98.93336579823068,5.764022280539886
853,46.99790558961169,50.419595162479254,99.00206512819126,5.724944163381688
854,47.092809055816545,50.40450242595059,99.07029552074599,5.685866046227043
855,47.18769454392566,50.389297073114804,99.13805697589483,5.64678792907003
856,47.28256204567009,50.37397990182946,99.2053494936378,5.607709811914201
857,47.37741155555136,50.358551709665825,99.2721730739749,5.568631694758371
858,47.47224307082163,50.3430132939055,99.3385277169061,5.529553577600173
859,47.56705659146371,50.327365451537126,99.40441342243145,5.490475460445528
860,47.66185212017121,50.31160897925329,99.46983019055092,5.451397343289699
861,47.75662966232859,50.295744673447416,99.53477802126451,5.412319226132685
862,47.851389225991284,50.279773330210894,99.59925691457224,5.373241108976856
863,47.94613082186581,50.26369574533023,99.66326687047409,5.334162991821027
864,48.04085446328989,50.24751271428433,99.72680788897007,5.295084874665197
865,48.135560166212535,50.23122503224194,99.78987997006016,5.2560067575069995
866,48.23024794917424,50.2148334940591,99.85248311374438,5.2169286403523545
867,48.32491783328706,50.1983388942768,99.91461732002274,5.1778505231965255
868,48.4195698422148,50.18174202711867,99.97628258889522,5.138772406039512
869,48.514204002153164,50.165043686488836,100.03747892036182,5.099694288883683
870,48.60882034180986,50.148244665969806,100.09820631442254,5.060616171726669
871,48.70341889238486,50.13134575882053,100.1584647710774,5.021538054572024
872,48.7979996875505,50.11434775797455,100.21825429032637,4.982459937413826
873,48.89256276343174,50.097251456038194,100.27757487216948,4.943381820259181
874,48.98710815858629,50.08005764528895,100.33642651660672,4.904303703103352
875,49.08163591398485,50.06276711767389,100.39480922363805,4.86522558594397
876,49.17614607299134,50.045380664808214,100.45272299326355,4.826147468791693
877,49.27063868134307,50.02789907797386,100.51016782548315,4.7870693516334955
878,49.36511378713106,50.010323148118296,100.56714372029688,4.7479912344776665
879,49.459571440780195,49.992653665853275,100.62365067770475,4.7089131173218375
880,49.55401169502953,49.974891421453826,100.67968869770672,4.669835000164824
881,49.648434604912566,49.95703720485724,100.73525778030283,4.630756883008995
882,49.74284022773742,49.9390918056622,100.79035792549307,4.591678765853165
883,49.837228623067276,49.921056013128,100.84498913327742,4.552600648696152
884,49.93159985270056,49.90293061617381,100.89915140365592,4.513522531541507
885,50.025953980651224,49.884716403378135,100.95284473662853,4.474444414384493
886,50.12029107312918,49.86641416297824,101.00606913219526,4.435366297227479
887,50.21461119852053,49.848024682869756,101.05882459035612,4.39628818007165
888,50.308914427367924,49.82954875060635,101.11111111111111,4.357210062915821
889,50.40320083235095,49.810987153399466,101.16292869446023,4.318131945759991
890,50.49747048826639,49.79234067811819,101.21427734040347,4.2790538286029784
891,50.591723472008724,49.77361011128913,101.26515704894085,4.239975711448333
892,50.6859598625504,49.754796239096535,101.31556782007233,4.200897594290136
893,50.78017974092229,49.73589984738226,101.36550965379794,4.161819477134306
894,50.874383190194095,49.71692172164606,101.4149825501177,4.122741359979661
895,50.96857029545469,49.697862647045824,101.46398650903157,4.083663242822648
896,51.06274114379265,49.67872340839793,101.51252153053956,4.044585125665634
897,51.15689582427659,49.65950479017768,101.56058761464168,4.005507008509805
898,51.25103442793569,49.640207576519806,101.60818476133792,3.966428891353975
899,51.345157047740166,49.620832551219095,101.65531297062829,3.9273507741969618
900,51.43926377858162,49.601380497731064,101.70197224251278,3.8882726570411323
901,51.53335471725369,49.58185219917269,101.74816257699142,3.8491945398864873
902,51.6274299624324,49.562248438323266,101.79388397406416,3.8101164227282895
903,51.721489614656804,49.54256999762532,101.83913643373104,3.7710383055736445
904,51.815533776309394,49.52281765918559,101.88391995599204,3.731960188416631
905,51.90956255159668,49.50299220477609,101.92823454084716,3.6928820712596178
906,52.00357604652973,49.48309441583527,101.97208018829642,3.6538039541049727
907,52.09757436890473,49.4631250734692,102.01545689833979,3.614725836947959
908,52.19155762828355,49.443084958452886,102.05836467097728,3.5756477197909455
909,52.285525935974306,49.42297485123161,102.10080350620892,3.5365696026363005
910,52.37947940501196,49.402795531922386,102.14277340403467,3.497491485479287
911,52.473418150138954,49.38254778031543,102.18427436445455,3.4584133683234577
912,52.56734228778575,49.36223237587576,102.22530638746856,3.4193352511676287
913,52.66125193605154,49.341850097744846,102.26586947307669,3.380257134010615
914,52.755147214684854,49.32140172474228,102.30596362127895,3.341179016854786
915,52.84902824506416,49.3008880353676,102.34558883207532,3.302100899697772
916,52.942895150178614,49.28030980780212,102.38474510546584,3.263022782543127
917,53.03674805460865,49.25966781991084,102.42343244145047,3.2239446653861137
918,53.13058708450673,49.2389628492444,102.46165084002922,3.1848665482291003
919,53.22441236757804,49.21819567304119,102.49940030120212,3.1457884310744553
920,53.318224033061085,49.19736706822938,102.53668082496912,3.1067103139174415
921,53.412022211708596,49.17647781142914,102.57349241133026,3.0676321967616125
922,53.505807035768086,49.155528678954845,102.60983506028552,3.0285540796045987
923,53.599578638962726,49.13452044681739,102.6457087718349,2.9894759624487697
924,53.693337156472026,49.113453890726504,102.68111354597842,2.9503978452929402
925,53.787082724912594,49.092329786093224,102.71604938271605,2.911319728135927
926,53.880815482318965,49.071148908032306,102.75051628204783,2.872241610981282
927,53.97453556812434,49.0499120313648,102.78451424397372,2.833163493824268
928,54.06824312314142,49.02861993062061,102.81804326849372,2.7940853766672546
929,54.161938289543215,49.00727338004114,102.85110335560788,2.7550072595126096
930,54.25562121084383,48.985873153582034,102.88369450531613,2.715929142354412
931,54.34929203187934,48.96442002491586,102.91581671761854,2.676851025200951
932,54.44295089878858,48.942914767435,102.94746999251504,2.637772908041569
933,54.53659795899407,48.921358154254435,102.9786543300057,2.5986947908881084
934,54.630233361182874,48.89975095821473,103.00936973009047,2.5596166737310946
935,54.72385725528734,48.87809395188495,103.03961619276936,2.520538556574081
936,54.81746979246622,48.85638790756571,103.06939371804238,2.481460439418252
937,54.91107112508532,48.834633597292225,103.09870230590953,2.442382322262423
938,55.00466140669862,48.81283179283745,103.12754195637079,2.403304205105409
939,55.098240792029046,48.79098326571522,103.15591266942619,2.36422608794958
940,55.19180943694943,48.769088787183485,103.18381444507571,2.3251479707937506
941,55.28536749846353,48.74714912824757,103.21124728331937,2.286069853637921
942,55.37891513468682,48.725165059663475,103.23821118415714,2.2469917364809078
943,55.47245250482763,48.70313735194124,103.26470614758904,2.2079136193250783
944,55.565979769167946,48.681066775348334,103.29073217361505,2.168835502168065
945,55.65949708904451,48.65895409991311,103.31628926223522,2.12975738501342
946,55.75300462682971,48.636800095428285,103.3413774134495,2.0906792678564066
947,55.84650254591266,48.61460553145446,103.3659966272579,2.051601150700577
948,55.93999101068013,48.592371177323706,103.39014690366042,2.0125230335435638
949,56.0334701864976,48.570097802143174,103.41382824265709,1.9734449163889185
950,56.1269402396903,48.54778617479874,103.43704064424787,1.934366799231905
951,56.22040133752418,48.525437063958684,103.45978410843277,1.8952886820748915
952,56.31385364818699,48.503051238077454,103.4820586352118,1.8562105649190621
953,56.40729734076933,48.48062946539939,103.50386422458496,1.817132447763233
954,56.500732585245686,48.45817251396259,103.52520087655225,1.7780543306074037
955,56.594159552455494,48.43568115160266,103.54606859111364,1.738976213449206
956,56.68757841408428,48.41315614595668,103.56646736826919,1.699898096295745
957,56.78098934264459,48.39059826446707,103.58639720801884,1.6608199791375473
958,56.87439251145726,48.36800827438553,103.60585811036263,1.6217418619829023
959,56.96778809463235,48.34538694277703,103.62485007530053,1.5826637448247045
960,57.06117626705036,48.322735036523845,103.64337310283257,1.5435856276700595
961,57.15455720434331,48.300053322329525,103.66142719295874,1.5045075105142303
962,57.24793108287581,48.27734256672305,103.67901234567901,1.4654293933560325
963,57.34129807972625,48.254603536062874,103.69612856099343,1.4263512762013875
964,57.43465837266788,48.2318369965411,103.71277583890198,1.3872731590455583
965,57.52801214015001,48.209043714187594,103.72895417940464,1.3481950418885447
966,57.62135956127908,48.18622445487421,103.74466358250143,1.3091169247327155
967,57.71470081579986,48.163379984318986,103.75990404819235,1.270038807576886
968,57.808036084076605,48.14051106809039,103.77467557647739,1.2309606904198727
969,57.90136554707418,48.11761847161159,103.78897816735655,1.191882573262859
970,57.994689386339275,48.09470296016475,103.80281182082985,1.152804456108214
971,58.08800778398158,48.07176529889532,103.81617653689727,1.1137263389523848
972,58.18132092265493,48.04880625281639,103.8290723155588,1.074648221794187
973,58.27462898553851,48.02582658681306,103.84149915681448,1.035570104639542
974,58.367932156318034,48.00282706564681,103.85345706066428,0.9964919874837126
975,58.461230619166955,47.97980845395989,103.86494602710819,0.9574138703255148
976,58.554524558727714,47.95677151627977,103.87596605614625,0.9183357531720541
977,58.64781416009281,47.93371701702356,103.8865171477784,0.8792576360126722
978,58.74109960878615,47.91064572050247,103.89659930200472,0.8401795188592113
979,58.83438109074418,47.887558390926316,103.90621251882514,0.8011014017021978
980,58.92765879229715,47.864455792407966,103.9153567982397,0.7620232845463685
981,59.020932900150356,47.841338688967895,103.92403214024837,0.722945167389355
982,59.11420360136522,47.81820784453868,103.93223854485117,0.6838670502335257
983,59.20747108334074,47.795064022969555,103.93997601204809,0.6447889330765122
984,59.30073553379452,47.77190798803098,103.94724454183914,0.6057108159206829
985,59.393997140744176,47.74874050341917,103.95404413422433,0.5666326987660378
986,59.48725609248847,47.7255623327607,103.96037478920363,0.5275545816078401
987,59.58051257758852,47.702374239617114,103.96623650677707,0.48847646445319504
988,59.67376678484922,47.67917698748946,103.9716292869446,0.4493983472949973
989,59.767018903300254,47.655971339823,103.97655312970629,0.4103202301403523
990,59.86026912217753,47.63275806001174,103.9810080350621,0.371242112984523
991,59.953517630904365,47.609537911403095,103.98499400301203,0.3321639958275095
992,60.046764619072704,47.58631165730256,103.98851103355608,0.29308587867049596
993,60.14001027642445,47.56308006097829,103.99155912669427,0.2540077615158509
994,60.23325479283263,47.539843885665796,103.99413828242659,0.21492964436002163
995,60.32649835828276,47.51660389457259,103.99624850075301,0.17585152720182387
996,60.419741162854024,47.49336085088283,103.99788978167356,0.1367734100459946
997,60.51298339670054,47.47011551776201,103.99906212518826,0.09769529289134955
998,60.60622525003268,47.446868658361595,103.99976553129707,0.05861717573433604
999,60.69946691309824,47.42362103582372,104.0,0.01953905857732252
