"","maxyr","frame","x","z","YawRate_seconds"
"1",13,1,0,0.463395254313946,-0.105000000912696
"2",13,2,-1.09690206670621e-06,0.476853213533759,-0.105000000912696
"3",13,3,-1.46394836428954e-05,0.601526931300759,-0.105000000912696
"4",13,4,-3.2885124742279e-05,0.733909756392241,-0.105000000912696
"5",13,5,-5.53302508433262e-05,0.867433583140373,-0.105000000912696
"6",13,6,-8.18249485473643e-05,1.00077088877559,-0.105000000912696
"7",13,7,-0.000112448676190979,1.13438186153769,-0.105000000912696
"8",13,8,-0.000147118049590063,1.26780928403139,-0.105000000912696
"9",13,9,-0.000185667958321574,1.40054995059967,-0.105000000912696
"10",13,10,-0.000228383562825911,1.53368327915668,-0.105000000912696
"11",13,11,-0.000275219012401067,1.66699793189764,-0.105000000912696
"12",13,12,-0.000326117286313092,1.80028392791748,-0.105000000912696
"13",13,13,-0.000381141342659248,1.9337084749341,-0.105000000912696
"14",13,14,-0.000440200554076,2.0670355156064,-0.105000000912696
"15",13,15,-0.000503390671510715,2.20048525691032,-0.105000000912696
"16",13,16,-0.000570631094669807,2.33387478649616,-0.105000000912696
"17",13,17,-0.000641929199337028,2.46723666965961,-0.105000000912696
"18",13,18,-0.000717309859901434,2.6006099075079,-0.105000000912696
"19",13,19,-0.000796750526787946,2.73395910143852,-0.105000000912696
"20",13,20,-0.000880230969050899,2.86725563824177,-0.105000000912696
"21",13,21,-0.000967818913341034,3.00060772001743,-0.105000000912696
"22",13,22,-0.00105944423761684,3.1339068120718,-0.105000000912696
"23",13,23,-0.00115513475611806,3.267198985219,-0.105000000912696
"24",13,24,-0.00125495800806675,3.40057641744614,-0.105000000912696
"25",13,25,-0.00135881915251957,3.53390478551388,-0.105000000912696
"26",13,26,-0.00146671448776033,3.66718692064285,-0.105000000912696
"27",13,27,-0.00157875577686355,3.8005605584383,-0.105000000912696
"28",13,28,-0.00169480131007731,3.93385225713253,-0.105000000912696
"29",13,29,-0.00181496572884498,4.06719868302345,-0.105000000912696
"30",13,30,-0.00193921494268579,4.20055712580681,-0.0700000033248216
"31",13,31,-0.0020661462561111,4.33388023972511,-0.0700000033248216
"32",13,32,-0.00219580317207146,4.46721363186836,-0.0350000016624108
"33",13,33,-0.00232683365175035,4.60056528687477,0.0350000016624108
"34",13,34,-0.00245650664786808,4.73391686320305,0.0700000033248216
"35",13,35,-0.0025834255333757,4.86722718000412,0.105000000912696
"36",13,36,-0.00270629773789551,5.00056375980377,0.174999996088445
"37",13,37,-0.0028223634843016,5.13387879133225,0.174999996088445
"38",13,38,-0.00293162346293684,5.26717200517654,0.210000001825392
"39",13,39,-0.00303278616105672,5.40051744222641,0.210000001825392
"40",13,40,-0.00312579497520346,5.53385554671288,0.210000001825392
"41",13,41,-0.00321065598342102,5.66718743085861,0.210000001825392
"42",13,42,-0.00328757193172351,5.80087386012077,0.210000001825392
"43",13,43,-0.00335599606565665,5.93391130924225,0.210000001825392
"44",13,44,-0.00341641640174203,6.06723583340645,0.210000001825392
"45",13,45,-0.0034686989558395,6.20057933449745,0.210000001825392
"46",13,46,-0.00351281872135587,6.33387150883675,0.210000001825392
"47",13,47,-0.00354880674683955,6.46719148635864,0.210000001825392
"48",13,48,-0.00357665737275966,6.60054199814796,0.210000001825392
"49",13,49,-0.00359635700064246,6.7338696372509,0.210000001825392
"50",13,50,-0.00360791389131919,6.86719703912735,0.210000001825392
"51",13,51,-0.00361132729740348,7.00055684566498,0.210000001825392
"52",13,52,-0.00360659500118345,7.13382478117943,0.210000001825392
"53",13,53,-0.0035937181225745,7.26717192649841,0.210000001825392
"54",13,54,-0.00357269294036087,7.40053696990013,0.210000001825392
"55",13,55,-0.00354352986149024,7.5338481259346,0.210000001825392
"56",13,56,-0.00350621796620544,7.66718611836433,0.210000001825392
"57",13,57,-0.0034607610135572,7.80052068352699,0.210000001825392
"58",13,58,-0.00340716411534231,7.93384262681007,0.210175001854077
"59",13,59,-0.00334542361844797,8.06715009093285,0.210262501868419
"60",13,60,-0.003275505186175,8.20050946235657,0.210350001801271
"61",13,61,-0.00319744270935189,8.33383787631989,0.210350001801271
"62",13,62,-0.00311123361752834,8.46714758634567,0.210350001801271
"63",13,63,-0.00301682292309124,8.60052280664444,0.21026250194991
"64",13,64,-0.00291431049467064,8.73382316589355,0.21026250194991
"65",13,65,-0.00280362073390279,8.86715482711792,0.21026250194991
"66",13,66,-0.00268473682692274,9.00052974462509,0.21026250194991
"67",13,67,-0.00255772749194875,9.13386995077133,0.21026250194991
"68",13,68,-0.0024225606478285,9.26721093893051,0.21026250194991
"69",13,69,-0.002279233574518,9.40055554151535,0.21026250194991
"70",13,70,-0.00212772621773183,9.53391825914383,0.21026250194991
"71",13,71,-0.0019679809678928,9.66735812902451,0.21026250194991
"72",13,72,-0.00180046431400115,9.80047340154648,0.21026250194991
"73",13,73,-0.00162446691014338,9.93385652780533,0.210175001772586
"74",13,74,-0.0014404097001534,10.0671700787544,0.210175001772586
"75",13,75,-0.00124818745578523,10.2004950356483,0.210175001772586
"76",13,76,-0.00104775216495909,10.3338572764397,0.210175001772586
"77",13,77,-0.000839200686150434,10.4671992635727,0.210175001772586
"78",13,78,-0.000622538204188459,10.6005139183998,0.210175001772586
"79",13,79,-0.000397699857876432,10.733844575882,0.210175001772586
"80",13,80,-0.000164664062728423,10.8672009015083,0.210175001772586
"81",13,81,7.65270288191999e-05,11.0005580401421,0.210175001772586
"82",13,82,0.000325828647303865,11.1338915419579,0.210175001772586
"83",13,83,0.000583335261383127,11.2672497916222,0.210087501921225
"84",13,84,0.00084894770898245,11.40059060812,0.20991250189254
"85",13,85,0.00112267344156862,11.5339141178131,0.209650001686532
"86",13,86,0.00140455880391528,11.6672520971298,0.209387501806486
"87",13,87,0.00169457389172749,11.8005940437317,0.209037501993589
"88",13,88,0.00199270161188906,11.9339368653297,0.208775002113543
"89",13,89,0.00229898527701152,12.067304828167,0.208600001758896
"90",13,90,0.00261339194752509,12.2006855869293,0.20833750187885
"91",13,91,0.00293576164986007,12.334015917778,0.208162502176128
"92",13,92,0.00326624010514934,12.4673579478264,0.207900001644157
"93",13,93,0.00360427225357853,12.6005065870285,0.207900001644157
"94",13,94,0.00395055972796399,12.7337238788605,0.207900001644157
"95",13,95,0.00430433686007746,12.8667377519608,0.20798750182148
"96",13,96,0.00466643982043024,12.9998579072952,0.208250001701526
"97",13,97,0.00503679415676743,13.1330525875092,0.208512501581572
"98",13,98,0.00541486400470603,13.266127705574,0.209037501993589
"99",13,99,0.00580104027001653,13.3992229866982,0.20956250175368
"100",13,100,0.00619488323223777,13.5321455621719,0.210175001691095
"101",13,101,0.00659739948168863,13.6652688527107,0.210700001451187
"102",13,102,0.00700833462527953,13.7984834527969,0.211225001863204
"103",13,103,0.00742796541773714,13.9318599700928,0.211662501445971
"104",13,104,0.00785540767828934,14.0651110386848,0.212275002035312
"105",13,105,0.00829101948620519,14.1983534955978,0.212537501263432
"106",13,106,0.00873460594535572,14.3315552711487,0.212800001795403
"107",13,107,0.00918664850352798,14.4646357750893,0.212887501972727
"108",13,108,0.00964691865956411,14.5978283381462,0.212887501972727
"109",13,109,0.010114082176151,14.7307654285431,0.212887501972727
"110",13,110,0.0105905894403259,14.8639301586151,0.212887501972727
"111",13,111,0.0110751211374372,14.9970350456238,0.212800001795403
"112",13,112,0.0115682082479179,15.1302371788025,0.212625001440756
"113",13,113,0.0120691568283655,15.2633252906799,0.212537501263432
"114",13,114,0.0125779120714287,15.3963034558296,0.212450001086108
"115",13,115,0.0130959901306778,15.529589381218,0.212275002035312
"116",13,116,0.013622547989944,15.6629335689545,0.212275002035312
"117",13,117,0.0141573752259137,15.7962850356102,0.212187501857988
"118",13,118,0.0147002678213175,15.9295931220055,0.212187501857988
"119",13,119,0.0152512781770201,16.0628782987595,0.212187501857988
"120",13,120,0.0158109906397294,16.1962746977806,0.212275002035312
"121",13,121,0.0163786132854875,16.3295818662643,0.212362502212636
"122",13,122,0.0169555864366703,16.4631716632843,0.212537501263432
"123",13,123,0.0175386330112815,16.5962587833405,0.212625001440756
"124",13,124,0.0181310229620431,16.729583272934,0.212887501972727
"125",13,125,0.0187315287417732,16.862893614769,0.213150001200847
"126",13,126,0.0193403246044181,16.9961906242371,0.213412501732819
"127",13,127,0.0199577014683746,17.1295434808731,0.213762502197642
"128",13,128,0.0205829234886914,17.2628343868256,0.213937501248438
"129",13,129,0.0212170563056134,17.3962261581421,0.214200001780409
"130",13,130,0.0218590256129391,17.5295439195633,0.214375002135057
"131",13,131,0.0225092937308364,17.662848110199,0.214550001185853
"132",13,132,0.0231680068909191,17.7961856508255,0.2147250015405
"133",13,133,0.0238350233226083,17.9294941329956,0.214812501717824
"134",13,134,0.0245104229031131,18.0628147935867,0.214900001895148
"135",13,135,0.0251940329466015,18.1961387729645,0.215075002249796
"136",13,136,0.0258860001666471,18.3294548463821,0.215162501123268
"137",13,137,0.0265863705053926,18.4627835798264,0.215162501123268
"138",13,138,0.0272953436430544,18.5961711025238,0.215162501123268
"139",13,139,0.0280123900435865,18.7294724321365,0.215162501123268
"140",13,140,0.0287373685184866,18.8627245426178,0.215162501123268
"141",13,141,0.0294713589409366,18.9960944223404,0.215250001300592
"142",13,142,0.0302136193308979,19.1294428014755,0.215512501180637
"143",13,143,0.0309637833107263,19.2627275276184,0.215862501238007
"144",13,144,0.031722605410032,19.3960491037369,0.216475001501385
"145",13,145,0.0324898840719834,19.5293940925598,0.217175001290161
"146",13,146,0.0332655104529113,19.6627049779892,0.2178750014049
"147",13,147,0.0340499038668349,19.7960483980179,0.218837501399684
"148",13,148,0.0348425005236641,19.9294034194946,0.22032500115456
"149",13,149,0.0356456377124414,20.0630691432953,0.221812501235399
"150",13,150,0.0364535731822252,20.1960922002792,0.223650000579073
"151",13,151,0.0372720454633236,20.329432387352,0.225750000495463
"152",13,152,0.0380991432350129,20.4627435684204,0.227762499439995
"153",13,153,0.0389352790638804,20.5960649490356,0.229775000747759
"154",13,154,0.0397802024427801,20.7294186115265,0.266875007073395
"155",13,155,0.0406356352102011,20.862763838768,0.303712511644698
"156",13,156,0.0415024360548705,20.9960663318634,0.374849991381052
"157",13,157,0.0423841484915465,21.1294132757187,0.412387497472809
"158",13,158,0.0432818764541298,21.2627570867538,0.483700008387678
"159",13,159,0.0441981024108827,21.396066403389,0.58940002481686
"160",13,160,0.0451374152675271,21.5293832397461,0.661237472295761
"161",13,161,0.0461020042654127,21.6627043247223,0.766762487147935
"162",13,162,0.0470969695597887,21.7960767793655,0.838162499666214
"163",13,163,0.0481241482403129,21.9294143533707,0.943512516608462
"164",13,164,0.0491878245398402,22.0627421855926,1.04851246911566
"165",13,165,0.0502921435981989,22.1960456943512,1.1537750488933
"166",13,166,0.0514407078456134,22.3293241786957,1.25886250335025
"167",13,167,0.0526385274995118,22.4626523017883,1.39755002738675
"168",13,168,0.0538909618370235,22.5960013103485,1.57009998982539
"169",13,169,0.0552038102783263,22.7293097925186,1.74291245344793
"170",13,170,0.0565846808534116,22.8626619052887,1.88203747641528
"171",13,171,0.0580387462675571,22.9960164260864,2.0888875098317
"172",13,172,0.059572220123373,23.1292569589615,2.2617001020466
"173",13,173,0.0611942744906992,23.2625416183472,2.40021262377268
"174",13,174,0.0629103218112141,23.3959347391129,2.57267496412387
"175",13,175,0.0647247352823615,23.5291926431656,2.67723741525551
"176",13,176,0.066643917884212,23.6625381851196,2.81548743693856
"177",13,177,0.0686717793741263,23.795831823349,2.88688757381169
"178",13,178,0.0708123830484692,23.9291644239426,2.95837495954474
"179",13,179,0.0730666504980763,24.0624538803101,2.99652502870886
"180",13,180,0.075438868427882,24.1958176326752,3.00160002823686
"181",13,181,0.0779246248572599,24.3290497875214,3.00711252897745
"182",13,182,0.0805280477600172,24.4623241233826,3.01253752823686
"183",13,183,0.0832496202643961,24.5956698465347,3.01831252559787
"184",13,184,0.0860881463671103,24.7290090751648,3.02373752844287
"185",13,185,0.0890430578077212,24.8622851467133,3.02881253155647
"186",13,186,0.0921144840121269,24.9955348539352,3.03423752608942
"187",13,187,0.0953044989611953,25.128832116127,3.03913752607769
"188",13,188,0.0986118703521788,25.262106385231,3.07720009600162
"189",13,189,0.102039127182215,25.3953848934174,3.14842498394282
"190",13,190,0.105593618461862,25.5288615131378,3.2194751180592
"191",13,191,0.109264188949019,25.661996846199,3.32342507422436
"192",13,192,0.113066753279418,25.7952503442764,3.39394996452611
"193",13,193,0.11699927682057,25.928462266922,3.52974998434075
"194",13,194,0.121071734651923,26.0617744445801,3.63221244001761
"195",13,195,0.125283295288682,26.1950213861465,3.76792496144772
"196",13,196,0.12964000755921,26.3282325458527,3.87056241584942
"197",13,197,0.134151696823537,26.4615860843658,4.00592493657023
"198",13,198,0.138814464341849,26.5947949361801,4.17418752689846
"199",13,199,0.14363867579028,26.728022942543,4.30972504797392
"200",13,200,0.148632291760296,26.86128947258,4.44561256975867
"201",13,201,0.153793614078313,26.9944450759888,4.58202484259382
"202",13,202,0.159135007467121,27.1276498651505,4.75142517774366
"203",13,203,0.164663348980248,27.2609086418152,4.85581239024177
"204",13,204,0.170381784606725,27.3942075967789,5.02608772097156
"205",13,205,0.176285963673145,27.5272878980637,5.1961875601206
"206",13,206,0.182397334966809,27.6604988479614,5.36663740486838
"207",13,207,0.188716908004135,27.7937041473389,5.50348767242395
"208",13,208,0.195244526490569,27.9267989969254,5.67332501462661
"209",13,209,0.201996634714305,28.059971165657,5.84368735854514
"210",13,210,0.208977511823177,28.1931778526306,5.98053762479685
"211",13,211,0.216184626631439,28.3262652587891,6.15019996925257
"212",13,212,0.22363087086007,28.4593711185455,6.28643773687072
"213",13,213,0.231323978453875,28.5925066757202,6.38933744537644
"214",13,214,0.239258520975709,28.7255543088913,6.4918876466807
"215",13,215,0.247447243165225,28.8586145496368,6.59364985809661
"216",13,216,0.255894203167409,28.9917118883133,6.69488755674101
"217",13,217,0.26459768243134,29.1247567987442,6.79568726229481
"218",13,218,0.273563608024269,29.2577513933182,6.86314989966341
"219",13,219,0.28279370399192,29.3907379484177,6.89762496626936
"220",13,220,0.292293168138713,29.5237223005295,6.93201253334992
"221",13,221,0.302059699632227,29.6566955757141,6.99912516674959
"222",13,222,0.312096077296883,29.7896248960495,7.03325023069046
"223",13,223,0.322407945431769,29.9225855827332,7.06772480704822
"224",13,224,0.33299386061728,30.0555194711685,7.13518744050525
"225",13,225,0.343842483889312,30.1882811641693,7.16957500888966
"226",13,226,0.354988982398063,30.3212586021423,7.20492507661693
"227",13,227,0.366399099119008,30.4540512132645,7.24001264381222
"228",13,228,0.378099120911211,30.586932964325,7.30843728245236
"229",13,229,0.390068833511323,30.7196441602707,7.3772124198731
"230",13,230,0.402332376297563,30.8524445343018,7.41343748138752
"231",13,231,0.414878070019186,30.9851388072967,7.5154626854579
"232",13,232,0.427711276337504,31.1178059625626,7.55177476032405
"233",13,233,0.440844012536108,31.2505114507675,7.6215998943313
"234",13,234,0.454266682639718,31.3831638813019,7.65869996389374
"235",13,235,0.467987348865718,31.5157989501953,7.69658752307296
"236",13,236,0.481998886018991,31.6483563423157,7.73447509333491
"237",13,237,0.496320094391704,31.7809718465805,7.73920009508729
"238",13,238,0.510923061408103,31.9134030103683,7.74392509292811
"239",13,239,0.525835094992071,32.0459085035324,7.74812510078773
"240",13,240,0.541145210526884,32.1792439556122,7.75276259714737
"241",13,241,0.556622063741088,32.3113976097107,7.75670009860769
"242",13,242,0.572433000598103,32.4438059616089,7.76142509318888
"243",13,243,0.588541462030262,32.5761772537231,7.76606259215623
"244",13,244,0.604950287565589,32.7084979724884,7.73753752717749
"245",13,245,0.621648695245385,32.8407390022278,7.74270002981648
"246",13,246,0.638651835452765,32.9729814720154,7.71452496619895
"247",13,247,0.655950262397528,33.1051911640167,7.68608739357441
"248",13,248,0.673537737634033,33.2373045253754,7.65861233267933
"249",13,249,0.69142856258899,33.3694444465637,7.66368733122944
"250",13,250,0.709614784345031,33.5015522670746,7.63551226696
"251",13,251,0.728091422915459,33.6335951137543,7.64049976272509
"252",13,252,0.746855601295829,33.7655589580536,7.64496226264164
"253",13,253,0.76591667227447,33.8974994564056,7.64898726297543
"254",13,254,0.785271752141416,34.0294072341919,7.65327475732193
"255",13,255,0.804921321086586,34.1612760829926,7.65633726222441
"256",13,256,0.8248700170964,34.2931447505951,7.69247482893988
"257",13,257,0.845110414400697,34.4249279308319,7.7279998970218
"258",13,258,0.865639537125826,34.5566338729858,7.79581252662465
"259",13,259,0.88647868424654,34.6883537769318,7.82993759317323
"260",13,260,0.90760932661593,34.8199820232391,7.89696272900328
"261",13,261,0.929038302525878,34.9515286159515,7.93047480406239
"262",13,262,0.950782249234617,35.0831045341492,7.96389986919239
"263",13,263,0.972834092006087,35.2146496200562,7.99723743544892
"264",13,264,0.995178027227521,35.3460506820679,8.03013750342653
"265",13,265,1.01790002562106,35.4778206539154,8.03048750152812
"266",13,266,1.04082090429962,35.60890625,8.03110000146553
"267",13,267,1.06408188574016,35.740136680603,8.03197500063107
"268",13,268,1.08766409657896,35.8713897228241,8.03302500471473
"269",13,269,1.11156088106334,36.0026367759705,8.03416249919683
"270",13,270,1.13574857890606,36.1337274074554,8.03643749793992
"271",13,271,1.1602402061224,36.2647653865814,8.03897500177846
"272",13,272,1.18504332974553,36.3957603645325,8.04168750075624
"273",13,273,1.21015705086291,36.5267267608643,8.04457500008867
"274",13,274,1.23557051278651,36.6575948810577,8.04781250273809
"275",13,275,1.26129087328911,36.788409948349,8.05105000408367
"276",13,276,1.28732383355498,36.9191935539246,8.05411250377074
"277",13,277,1.3136438781023,37.0498218917847,8.05673749735579
"278",13,278,1.34028385430574,37.1804584312439,8.05848750090227
"279",13,279,1.36723600536585,37.3110541439056,8.0597124981694
"280",13,280,1.39447873443365,37.4415235042572,8.06076250029728
"281",13,281,1.42203498452902,37.571954164505,8.09392507011071
"282",13,282,1.44991856813431,37.7024211788178,8.25763740902767
"283",13,283,1.47808633968234,37.8326829147339,8.4214372520335
"284",13,284,1.50658736661077,37.9629410648346,8.55120001370087
"285",13,285,1.53541344851255,38.0931335353851,8.74676243280992
"286",13,286,1.5645487858355,38.2231566143036,8.90977525925264
"287",13,287,1.59405002638698,38.3532273578644,9.04006205191836
"288",13,288,1.62386287257075,38.4830910110474,9.17034981856122
"289",13,289,1.6540490411222,38.6129934883118,9.33379965564236
"290",13,290,1.68457808747888,38.7427642726898,9.4312753434293
"291",13,291,1.71545456841588,38.87242395401,9.49698797464371
"292",13,292,1.74669983893633,39.002037858963,9.52988755693659
"293",13,293,1.7783063018322,39.1315771389008,9.53032505782321
"294",13,294,1.81026349335909,39.2609880924225,9.53146255621686
"295",13,295,1.84257943600416,39.3903186607361,9.53268755478784
"296",13,296,1.87526705086231,39.5196068096161,9.53365005804226
"297",13,297,1.90829569667578,39.6487362957001,9.53443755833432
"298",13,298,1.94168858170509,39.7777971553802,9.53548755915835
"299",13,299,1.97544226646423,39.9067745399475,9.53688755808398
"300",13,300,2.0095502525568,40.0356464576721,9.53855005884543
"301",13,301,2.04401794761419,40.1644347763062,9.57302463715896
"302",13,302,2.07886596739292,40.2932080173492,9.6077626899816
"303",13,303,2.11404382795095,40.4217672252655,9.64302477510646
"304",13,304,2.14958433032036,40.5502401065826,9.67881282093003
"305",13,305,2.1855022200942,40.6786677932739,9.68248782446608
"306",13,306,2.22175822645426,40.8069115352631,9.6872128223069
"307",13,307,2.25839107036591,40.9351018619537,9.69185032648966
"308",13,308,2.29538775205612,41.0632036685944,9.69631282640621
"309",13,309,2.33285179138184,41.1915649414062,9.70130032999441
"310",13,310,2.37046347022057,41.3190908622742,9.73857491007075
"311",13,311,2.40854991585016,41.4468919849396,9.74356240453199
"312",13,312,2.44698770225048,41.5745473003387,9.7805754528381
"313",13,313,2.48579938113689,41.7021264648438,9.85074962498621
"314",13,314,2.52496916204691,41.8295720005035,9.95365029899403
"315",13,315,2.56451295524836,41.9569252109528,10.0241754314862
"316",13,316,2.60441779643297,42.0841238212585,10.0951371000148
"317",13,317,2.64469939500093,42.2112159252167,10.164787228126
"318",13,318,2.68535742759705,42.3381933116913,10.2342623650096
"319",13,319,2.72637471914291,42.4649905109406,10.3038249903358
"320",13,320,2.76779536068439,42.5917341899872,10.3404870796017
"321",13,321,2.80959944248199,42.7183648395538,10.377237626072
"322",13,322,2.85178646028042,42.8448689937592,10.3813501226716
"323",13,323,2.8943347799778,42.9711827468872,10.3852001317777
"324",13,324,2.93725687086582,43.0973467636108,10.3893126283772
"325",13,325,2.98058319985867,43.2234478378296,10.3933376195841
"326",13,326,3.02428640842438,43.3494058227539,10.3971001206897
"327",13,327,3.06837905049324,43.4752504825592,10.4020001227967
"328",13,328,3.11284313261509,43.6009461975098,10.4060251231305
"329",13,329,3.15768845260143,43.7265011882782,10.410050126072
"330",13,330,3.20291651308537,43.8519286632538,10.4139876275323
"331",13,331,3.24853540241718,43.9772493839264,10.4174001174979
"332",13,332,3.29449314892292,44.1023222732544,10.4209001193754
"333",13,333,3.34084977090359,44.2273056793213,10.4242251195945
"334",13,334,3.38758951067924,44.352162103653,10.4272876166739
"335",13,335,3.43472109735012,44.4769133281708,10.4628122062422
"336",13,336,3.48221596837044,44.6014754199982,10.5297498379834
"337",13,337,3.53009833753109,44.7259090137482,10.5974749634974
"338",13,338,3.57836552917957,44.850199546814,10.6326495510526
"339",13,339,3.6270183801651,44.9743417167664,10.6687001000159
"340",13,340,3.6760568934679,45.0983302307129,10.7380877315067
"341",13,341,3.72547784566879,45.2221582317352,10.7760623103939
"342",13,342,3.77529723167419,45.345856924057,10.8457999399863
"343",13,343,3.82546842575073,45.4693013286591,10.9165000728331
"344",13,344,3.87607347548008,45.5926903915405,11.0189622928388
"345",13,345,3.92704147517681,45.7158399391174,11.153275046777
"346",13,346,3.97843646764755,45.8388864898682,11.2555622638203
"347",13,347,4.03023296356201,45.9617633533478,11.4218121143989
"348",13,348,4.08243826568127,46.0844701862335,11.6199125041254
"349",13,349,4.13503524899483,46.2069454860687,11.7531752650626
"350",13,350,4.1880671441555,46.3292774009705,11.9506621965207
"351",13,351,4.24152428984642,46.4514277267456,12.1154245453886
"352",13,352,4.29553454875946,46.5736679077148,12.2158752222546
"353",13,353,4.34975914299488,46.6952167987823,12.3477370181121
"354",13,354,4.40451785206795,46.816792383194,12.4470501952805
"355",13,355,4.45970926225185,46.9381504821777,12.5461874098517
"356",13,356,4.51534437179565,47.0593102645874,12.6125125403516
"357",13,357,4.57142370522022,47.1802646255493,12.6791876676493
"358",13,358,4.62794317126274,47.3010005187988,12.7784998864867
"359",13,359,4.68489836931229,47.4214961051941,12.8449125145562
"360",13,360,4.74235386133194,47.5418864059448,12.9759002787061
"361",13,361,4.80025236368179,47.6620357704163,13.1073245801963
"362",13,362,4.85858672142029,47.7819170761108,13.2063752555288
"363",13,363,4.9174071419239,47.9016281700134,13.3377120516263
"364",13,364,4.97668799757957,48.0211002254486,13.4697498218156
"365",13,365,5.03639295697212,48.1402542686462,13.5691495330073
"366",13,366,5.09660886526108,48.2592495632172,13.636787166167
"367",13,367,5.15728859424591,48.3779917144775,13.7368878423237
"368",13,368,5.21842975735664,48.4964669322968,13.8056629686616
"369",13,369,5.28004152178764,48.6146875572205,13.8743496377953
"370",13,370,5.34210441946983,48.7326076126099,13.9434747726656
"371",13,371,5.40468737244606,48.8503577327728,14.0130374019034
"372",13,372,5.46773269534111,48.9678159999847,14.0506629488431
"373",13,373,5.53121198296547,49.0849328136444,14.0883750291542
"374",13,374,5.59524015665054,49.201917924881,14.1264371127821
"375",13,375,5.65973133802414,49.3186078739166,14.1322121120989
"376",13,376,5.72461644887924,49.4348788261414,14.1700126606971
"377",13,377,5.79006776213646,49.5510376262665,14.2075497478247
"378",13,378,5.85597285747528,49.6668782901764,14.244475299865
"379",13,379,5.92239457249641,49.7825099563599,14.2805248826742
"380",13,380,5.98931656837463,49.8979014492035,14.3161379229277
"381",13,381,6.05667744636536,50.0129448032379,14.3837745944969
"382",13,382,6.12450971484184,50.1276863479614,14.4823002674617
"383",13,383,6.19280661344528,50.242112197876,14.5803874929435
"384",13,384,6.26162685513496,50.3563110637665,14.6133745806291
"385",13,385,6.33091902256012,50.4701947116852,14.7096252561547
"386",13,386,6.400710105896,50.5838025856018,14.7414748317562
"387",13,387,6.47099294781685,50.6971171665192,14.7728878817521
"388",13,388,6.54196501493454,50.8104550266266,14.7716628792696
"389",13,389,6.61304975628853,50.922892742157,14.7710503923707
"390",13,390,6.68478383898735,51.0352862262726,14.7697378897108
"391",13,391,6.75697220563889,51.1473267269135,14.7681628760882
"392",13,392,6.82965465903282,51.2590758991241,14.7677253856324
"393",13,393,6.90282176494598,51.3705219936371,14.7665003870614
"394",13,394,6.97649544715881,51.4816950798035,14.7656253839843
"395",13,395,7.05063494086266,51.5925351905823,14.7650128866546
"396",13,396,7.12519791126251,51.7029751873016,14.7640503794886
"397",13,397,7.20026666879654,51.8131451225281,14.7630003890954
"398",13,398,7.27579617738724,51.922972946167,14.7939749655314
"399",13,399,7.35181478857994,52.0325012588501,14.7928374710493
"400",13,400,7.42833808541298,52.141748456955,14.7916124620475
"401",13,401,7.5052894616127,52.2506090736389,14.8228495585732
"402",13,402,7.58268728256226,52.3591030025482,14.8540001015179
"403",13,403,7.66059735417366,52.4673248958588,14.8853246825747
"404",13,404,7.73894349098206,52.5751629447937,14.9159502218477
"405",13,405,7.81774906396866,52.6826502513886,14.9793003554456
"406",13,406,7.89708029150963,52.7898734951019,15.0100124456919
"407",13,407,7.9768645465374,52.8967271137238,15.0409870312549
"408",13,408,8.05706018209457,53.0031596469879,15.0397620365955
"409",13,409,8.13772357940674,53.1092424583435,15.0702125689946
"410",13,410,8.2189484000206,53.2150981616974,15.0690750771202
"411",13,411,8.30053591251373,53.3204656505585,15.0677625783719
"412",13,412,8.3826088321209,53.4255074501038,15.0662750844844
"413",13,413,8.46514597177505,53.5301935768127,15.0328495382331
"414",13,414,8.54816639661789,53.6345531082153,14.9998624433763
"415",13,415,8.63159166097641,53.7384844398499,14.9672253583558
"416",13,416,8.71545963644981,53.8420410633087,14.966437864583
"417",13,417,8.79983478069305,53.9453023433685,14.9343248170801
"418",13,418,8.88467264056206,54.0482145595551,14.9018627350219
"419",13,419,8.96987894535065,54.1506654167175,14.8696621873416
"420",13,420,9.05558475017548,54.2528136062622,14.8375500991475
"421",13,421,9.14172507762909,54.3545873165131,14.8058745557908
"422",13,422,9.22828412413597,54.4559642982483,14.7739374751225
"423",13,423,9.31529356479645,54.5569862556458,14.7095373431453
"424",13,424,9.4027260518074,54.6576268672943,14.6774252536474
"425",13,425,9.49056611061096,54.7578697872162,14.6124126302078
"426",13,426,9.57886165857315,54.8577694320679,14.5152004043805
"427",13,427,9.66761269569397,54.9573376560211,14.4178997316165
"428",13,428,9.7566888666153,55.0564282035828,14.2558498895494
"429",13,429,9.84622993469238,55.1552094650269,14.0945000332548
"430",13,430,9.93617489337921,55.2536228752136,13.9324501950993
"431",13,431,10.02652323246,55.3516758346558,13.7388123065932
"432",13,432,10.1172488665581,55.4493545818329,13.5127998212119
"433",13,433,10.2083610892296,55.5466764545441,13.2870498409262
"434",13,434,10.299861369133,55.6436615276337,13.0929754105164
"435",13,435,10.3917259025574,55.7402891731262,12.835287394817
"436",13,436,10.4839438390732,55.8365677070618,12.6407754485262
"437",13,437,10.5764853096008,55.9324761962891,12.3817749334266
"438",13,438,10.6694195890427,56.0281017303467,12.1227753694868
"439",13,439,10.7626965785027,56.1234014987946,11.8625498452122
"440",13,440,10.8563118171692,56.2183918762207,11.6018002788769
"441",13,441,10.9501916241646,56.3130083370209,11.2769121325342
"442",13,442,11.0443937087059,56.4073278236389,11.015462574386
"443",13,443,11.1389006018639,56.5013492298126,10.7545370550593
"444",13,444,11.2336772251129,56.5950510311127,10.4291248632129
"445",13,445,11.328776614666,56.6885037708282,10.1995248888154
"446",13,446,11.4241824507713,56.7817027568817,9.97018740924541
"447",13,447,11.519783000946,56.8745514774323,9.74163742719684
"448",13,448,11.6156671690941,56.9671482563019,9.57740008151158
"449",13,449,11.711891067028,57.059556760788,9.41403773222119
"450",13,450,11.8082755732536,57.1516135025024,9.31507455967367
"451",13,451,11.9049594736099,57.2434579277039,9.21689984053373
"452",13,452,12.0018474030495,57.3350016880035,9.18338775569573
"453",13,453,12.0990226173401,57.4263261222839,9.18312525581569
"454",13,454,12.1963980174065,57.517351770401,9.18207525499165
"455",13,455,12.2940300869942,57.6081296539307,9.21418734807521
"456",13,456,12.3919136476517,57.6986522006989,9.30947457309813
"457",13,457,12.4900497961044,57.7889188194275,9.43678732246626
"458",13,458,12.5883789658546,57.8788641643524,9.59647467408795
"459",13,459,12.6870178079605,57.968588142395,9.78888755147345
"460",13,460,12.7859271812439,58.0580461025238,9.98208794121165
"461",13,461,12.8850400185585,58.147166519165,10.1762498868746
"462",13,462,12.9844183897972,58.2359930992126,10.3709377733525
"463",13,463,13.0840846514702,58.3245397663116,10.5676372191869
"464",13,464,13.1840002298355,58.4127587413788,10.7342370667262
"465",13,465,13.2843020534515,58.5007643508911,10.8712623212719
"466",13,466,13.3847840976715,58.5883644390106,10.947474940354
"467",13,467,13.4855564308167,58.6756570148468,11.0553621752653
"468",13,468,13.5865740561485,58.7625943088532,11.1325372932828
"469",13,469,13.6879274535179,58.8492469024658,11.2094499167171
"470",13,470,13.7894943189621,58.935515460968,11.2866250382387
"471",13,471,13.8914123153687,59.0215072154999,11.3636251613614
"472",13,472,13.9936073899269,59.1071543502808,11.4701123996288
"473",13,473,14.0960788655281,59.1924533653259,11.6063501418219
"474",13,474,14.1988211464882,59.2773942470551,11.7419753932045
"475",13,475,14.3018956160545,59.3620166301727,11.8470626198337
"476",13,476,14.4052007031441,59.4462351226807,11.9806753645302
"477",13,477,14.5087607312202,59.5300628566742,12.1128872145549
"478",13,478,14.6127503275871,59.6136328601837,12.2144753428758
"479",13,479,14.7169894528389,59.6967946243286,12.2846495763049
"480",13,480,14.8214869832993,59.7795530986786,12.3533371998579
"481",13,481,14.9262957310677,59.8619491481781,12.3605121948407
"482",13,482,15.0314710068703,59.944019908905,12.366812190658
"483",13,483,15.136759428978,60.0255753517151,12.3723246940062
"484",13,484,15.2424859547615,60.1068601226807,12.3766121867229
"485",13,485,15.3484890604019,60.1877534675598,12.3808121913229
"486",13,486,15.4547654604912,60.2682492446899,12.3843996966374
"487",13,487,15.561305270195,60.3483441543579,12.3875496893306
"488",13,488,15.6681539821625,60.4280706310272,12.3598125783843
"489",13,489,15.7752525377274,60.5073845100403,12.3028499544714
"490",13,490,15.8827382969856,60.5863929653168,12.1845497147296
"491",13,491,15.9904275012016,60.6649628067017,12.0661628672969
"492",13,492,16.0984181594849,60.743172454834,11.9466376081225
"493",13,493,16.2066290378571,60.8209719944,11.8573003827711
"494",13,494,16.3151315069199,60.8984142398834,11.7672622537356
"495",13,495,16.4239430332184,60.9755156230926,11.7667372598429
"496",13,496,16.5329238510132,61.0521789169312,11.7958752569859
"497",13,497,16.6422360420227,61.1285154438019,11.8840749924188
"498",13,498,16.7518293023109,61.2044857501984,11.972187239409
"499",13,499,16.8617049217224,61.2800864982605,12.1801747084711
"500",13,500,16.9717776823044,61.3552494049072,12.3589375798707
"501",13,501,17.0821248698235,61.4300210475922,12.5673625628581
"502",13,502,17.1927929663658,61.5044185256958,12.7760500476812
"503",13,503,17.3036687445641,61.57836353302,12.9255873963353
"504",13,504,17.4148725318909,61.6519207859039,13.0754747561296
"505",13,505,17.5263593244553,61.7250589466095,13.1957875030464
"506",13,506,17.6380736017227,61.7977326011658,13.2858247441589
"507",13,507,17.7501113986969,61.8700038814545,13.4064874748351
"508",13,508,17.8624490118027,61.9418476867676,13.4670375947317
"509",13,509,17.9749974966049,62.0132088375092,13.5278502150177
"510",13,510,18.0878939628601,62.0841697025299,13.5583873464595
"511",13,511,18.2010136270523,62.1546490764618,13.6185874549003
"512",13,512,18.3144205522537,62.2246846866608,13.6490370705084
"513",13,513,18.4281361865997,62.2942872238159,13.6792250811472
"514",13,514,18.5421305513382,62.3634412002563,13.6794875763008
"515",13,515,18.6563757228851,62.4321250152588,13.6798375768471
"516",13,516,18.7708368825912,62.5003236103058,13.6797500765068
"517",13,517,18.885672416687,62.5681242752075,13.7092371877399
"518",13,518,19.0007463932037,62.6354497051239,13.7396001975518
"519",13,519,19.1160528087616,62.7022923660278,13.7988378189039
"520",13,520,19.2316852664948,62.7687056350708,13.8891375610372
"521",13,521,19.3475705575943,62.8346426773071,13.9796997960424
"522",13,522,19.4636487627029,62.9000672149658,14.1002750363201
"523",13,523,19.580152759552,62.9651036071777,14.161350161233
"524",13,524,19.6968402814865,63.0296128463745,14.2227752892999
"525",13,525,19.8138368225098,63.0936635303497,14.2841129080625
"526",13,526,19.931065993309,63.1572048473358,14.3150875203544
"527",13,527,20.0485299968719,63.2202463912964,14.3166625228943
"528",13,528,20.1663053321838,63.2828222942352,14.3174500200897
"529",13,529,20.2841608905792,63.3448162651062,14.3185000212397
"530",13,530,20.4024509716034,63.4064079284668,14.3186750215944
"531",13,531,20.5209637117386,63.467492609024,14.3180625161156
"532",13,532,20.6396658229828,63.5280459308624,14.3175375098363
"533",13,533,20.7586627101898,63.588128156662,14.3168375097215
"534",13,534,20.8777799034119,63.6476501560211,14.3158750012517
"535",13,535,20.9971988296509,63.7067036628723,14.314037514478
"536",13,536,21.1169417190552,63.7653010845184,14.31272501247
"537",13,537,21.2369053316116,63.8233835792542,14.3105375145562
"538",13,538,21.3571612977982,63.880995759964,14.3080000107177
"539",13,539,21.4776261806488,63.9380881309509,14.3059000116773
"540",13,540,21.5982708978653,63.994655046463,14.3026625116356
"541",13,541,21.7191963863373,64.0507403087616,14.3002125040628
"542",13,542,21.8403023004532,64.1063003444672,14.2987250101753
"543",13,543,21.9616980028152,64.1613824462891,14.2955750050955
"544",13,544,22.0833949041367,64.2159909057617,14.2936500155367
"545",13,545,22.2051490068436,64.2700179672241,14.2920750149526
"546",13,546,22.3272042703628,64.3235713768005,14.2896250086837
"547",13,547,22.449473195076,64.3766149044037,14.2877875088714
"548",13,548,22.5719507837296,64.4291474723816,14.2861250159331
"549",13,549,22.6946539306641,64.4811727046967,14.2835875094868
"550",13,550,22.8176199817657,64.5327076911926,14.2811375071295
"551",13,551,22.9408271694183,64.5837435626984,14.277462507505
"552",13,552,23.0641507291794,64.6342254924774,14.2435128911398
"553",13,553,23.1877138853073,64.6842122173309,14.1795502823778
"554",13,554,23.3115602254868,64.7337190532684,14.1443747664802
"555",13,555,23.4354803228378,64.7826647377014,14.1092001502402
"556",13,556,23.5596811294556,64.8311341094971,14.0740246434696
"557",13,557,23.6840367555618,64.8790777778625,14.0385875266977
"558",13,558,23.8086149644852,64.9265249061584,13.9729624197818
"559",13,559,23.9334001636505,64.9734673690796,13.9072497944347
"560",13,560,24.0583012199402,65.01988073349,13.8724251789041
"561",13,561,24.1835022354126,65.0658304595947,13.8076750502922
"562",13,562,24.3088027906418,65.1112468147278,13.8033000557683
"563",13,563,24.4343117713928,65.1561692047119,13.7699629432522
"564",13,564,24.5600397777557,65.2006056022644,13.7661129445769
"565",13,565,24.6858753681183,65.2445085334778,13.7630504396744
"566",13,566,24.811951675415,65.2879333686829,13.7602504379116
"567",13,567,24.9382000732422,65.3308530807495,13.7580629439093
"568",13,568,25.064453368187,65.3732099342346,13.7550004442222
"569",13,569,25.191019077301,65.4151100540161,13.7536004518159
"570",13,570,25.3177880382538,65.4565159225464,13.7517629428767
"571",13,571,25.4447234392166,65.4974155807495,13.7501004447229
"572",13,572,25.5717210435867,65.5377729797363,13.7189499304629
"573",13,573,25.6989038705826,65.5776321792602,13.7184249346144
"574",13,574,25.8263134288788,65.6170043182373,13.6877128248103
"575",13,575,25.9537733888626,65.655837688446,13.6570873155259
"576",13,576,26.0814998960495,65.6941969490051,13.5963621898554
"577",13,577,26.2093221330643,65.7320376205444,13.5651250776835
"578",13,578,26.3372583723068,65.7693620109558,13.503787457291
"579",13,579,26.4654211902618,65.8062066459656,13.4115627150052
"580",13,580,26.5937241697311,65.8425507164002,13.3189870932139
"581",13,581,26.7220746946335,65.8783706665039,13.2259748480283
"582",13,582,26.8506268692017,65.9137159729004,13.103037110623
"583",13,583,26.9793372392654,65.9485763168335,13.0403878820129
"584",13,584,27.1081363773346,65.9829389762878,12.9164876361377
"585",13,585,27.237041311264,66.0168089866638,12.8228628962301
"586",13,586,27.366154551506,66.0502208709717,12.7296747673303
"587",13,587,27.4953181743622,66.0831344985962,12.6664121469483
"588",13,588,27.6245850801468,66.1155690574646,12.6025379275903
"589",13,589,27.7540323638916,66.147545375824,12.5101372983307
"590",13,590,27.8836011123657,66.1790512657166,12.4468746779486
"591",13,591,28.0132308578491,66.2100749969482,12.4134500652552
"592",13,592,28.1429579257965,66.2406277275085,12.3806370534934
"593",13,593,28.2728854322433,66.2707328414917,12.3472999338061
"594",13,594,28.4028360080719,66.3003545188904,12.3442374393344
"595",13,595,28.5329449462891,66.3295195960999,12.3414374414831
"596",13,596,28.6630981016159,66.3582036781311,12.3387249398977
"597",13,597,28.7934255313873,66.3864387893677,12.3355749374256
"598",13,598,28.9238258314133,66.4141979598999,12.3323374439031
"599",13,599,29.0542680883408,66.4414769554138,12.3289249395952
"600",13,600,29.1849216127396,66.4683122062683,12.3259499400854
"601",13,601,29.3155463695526,66.4946539497375,12.2928753241897
"602",13,602,29.4463572645187,66.5205464363098,12.289725317806
"603",13,603,29.5772368764877,66.5459679794312,12.2865753283724
"604",13,604,29.7082278776169,66.5709242630005,12.2828128227033
"605",13,605,29.8392319869995,66.5953988075256,12.2787003247999
"606",13,606,29.9704194498062,66.6194213294983,12.2749378230423
"607",13,607,30.1015771055222,66.6429573249817,12.2707378256135
"608",13,608,30.2329115200043,66.6660405158997,12.2668878243305
"609",13,609,30.3642784118652,66.6886470222473,12.2628628200851
"610",13,610,30.4958026218414,66.7107975196838,12.25892532547
"611",13,611,30.6273022460937,66.7324613761902,12.2557753256056
"612",13,612,30.7589432764053,66.7536673355103,12.2528003280517
"613",13,613,30.890660777092,66.7744027328491,12.2499128257856
"614",13,614,31.0223555755615,66.7946559524536,12.247375330748
"615",13,615,31.1542493343353,66.8144574546814,12.2458003278822
"616",13,616,31.286131234169,66.83377784729,12.2435253232717
"617",13,617,31.4181186103821,66.8526343536377,12.2419503187761
"618",13,618,31.550166516304,66.8710205459595,12.2411628210917
"619",13,619,31.6823146009445,66.888938369751,12.2397628221661
"620",13,620,31.814402384758,66.9063717460632,12.2381003344431
"621",13,621,31.9466744947433,66.9233493232727,12.2367003250867
"622",13,622,32.0789630174637,66.9398529815674,12.2346003234386
"623",13,623,32.2113185119629,66.9558842468262,12.2030123108998
"624",13,624,32.3437258768082,66.9714463043213,12.1710751986131
"625",13,625,32.4762183332443,66.9865430259705,12.1096500715241
"626",13,626,32.6087523841858,67.0011700057983,12.0777995724696
"627",13,627,32.7412466049194,67.0153237342834,11.9856623368803
"628",13,628,32.873900551796,67.0290253067017,11.8936126011424
"629",13,629,33.0065572404861,67.0422652244568,11.7714623555541
"630",13,630,33.1392732524872,67.0550519561768,11.6489621200133
"631",13,631,33.2720204257965,67.0673878860474,11.5550748847891
"632",13,632,33.4047692298889,67.0792712020874,11.4609251382761
"633",13,633,33.5376560783386,67.090724029541,11.3660754059907
"634",13,634,33.6705070781708,67.1017287635803,11.2997502898332
"635",13,635,33.803372335434,67.1122978782654,11.232637669472
"636",13,636,33.9363829708099,67.1224397659302,11.1950121681671
"637",13,637,34.0693432998657,67.132142162323,11.1855621581431
"638",13,638,34.2023259544373,67.1414123344421,11.1442625438329
"639",13,639,34.3353365898132,67.1502493095398,11.1329750522506
"640",13,640,34.4683283615112,67.1586546325684,11.1198500439059
"641",13,641,34.6014603614807,67.1666347122192,11.1060250484851
"642",13,642,34.7345497322083,67.1741825866699,11.0923750508111
"643",13,643,34.8676899814606,67.1813015365601,11.0774125478696
"644",13,644,35.0008383560181,67.1879925727844,11.0629750420805
"645",13,645,35.1340198993683,67.1942517089844,11.048537540203
"646",13,646,35.2672213172913,67.2000860023498,11.0339250497055
"647",13,647,35.4003420639038,67.2054875564575,11.0194875491318
"648",13,648,35.5335911083221,67.2104660224915,11.0063625551295
"649",13,649,35.6668965530395,67.2150201225281,10.9924500425812
"650",13,650,35.8000987434387,67.2191454315186,10.9791500478983
"651",13,651,35.9334117412567,67.2228479194641,10.9365379276686
"652",13,652,36.0666802787781,67.2261229133606,10.8949749200139
"653",13,653,36.1998854541779,67.2289752578735,10.7933876864612
"654",13,654,36.3332381629944,67.2314103507996,10.6937245669309
"655",13,655,36.4665467643738,67.233432636261,10.5640502018388
"656",13,656,36.5998247337341,67.2350433158875,10.435074962792
"657",13,657,36.7331995582581,67.2362511253357,10.2467745970003
"658",13,658,36.8664933490753,67.2370587730408,10.0885747424443
"659",13,659,36.9998274898529,67.2374770927429,9.93063738630154
"660",13,660,37.133106918335,67.2375092697144,9.74338791007176
"661",13,661,37.2664415740967,67.2371636390686,9.58579966370016
"662",13,662,37.3997155666351,67.2364461135864,9.42847480105702
"663",13,663,37.5330523586273,67.235365524292,9.24131283152382
"664",13,664,37.66638422966,67.2339253234863,9.11487509191502
"665",13,665,37.7997009754181,67.2321297836304,8.98782484421972
"666",13,666,37.9329702949524,67.2299877548218,8.83014999080915
"667",13,667,38.0662541484833,67.2275032806397,8.70222519508097
"668",13,668,38.1995475673676,67.2246797943115,8.5441123863915
"669",13,669,38.3329096794128,67.2215240097046,8.38503753992263
"670",13,670,38.4662396526337,67.2180447387695,8.16611254576128
"671",13,671,38.599513053894,67.2142486953735,7.97632514471188
"672",13,672,38.7328249359131,67.2101414680481,7.75740015967749
"673",13,673,38.8659980392456,67.2057391166687,7.53812519186176
"674",13,674,38.9992657852173,67.2010388565063,7.28875014740043
"675",13,675,39.1325939464569,67.1960548591614,7.09834978370927
"676",13,676,39.2658823394775,67.1907973480225,6.87846229933202
"677",13,677,39.3990671634674,67.185276927948,6.68823739103973
"678",13,678,39.5323592662811,67.1794901847839,6.52811252973043
"679",13,679,39.6654038715363,67.1734615135193,6.39773729681038
"680",13,680,39.7984996318817,67.1671833992004,6.26718749706633
"681",13,681,39.9317687797546,67.1606493377686,6.22623743363656
"682",13,682,40.0649770736694,67.1538787078857,6.15474982005544
"683",13,683,40.1980119132996,67.1468815803528,6.1438123177737
"684",13,684,40.3312093257904,67.1396345710754,6.10330020049587
"685",13,685,40.4643360614777,67.1321527099609,6.09253769954666
"686",13,686,40.5974895381928,67.1244372940063,6.08247519675642
"687",13,687,40.7306452274322,67.1164816856384,6.07250019023195
"688",13,688,40.8637854576111,67.1082901000977,6.06235018987208
"689",13,689,40.9968555927277,67.0998703384399,6.05255019837059
"690",13,690,41.129966583252,67.0912126922607,6.04266269332729
"691",13,691,41.2629429721832,67.0823260879517,6.00381263578311
"692",13,692,41.3958999919891,67.0732105636597,5.93565001459792
"693",13,693,41.5288844966888,67.063862323761,5.83782483199611
"694",13,694,41.6618370819092,67.05428647995,5.7701876597479
"695",13,695,41.7948798656464,67.0444786834717,5.73343759309501
"696",13,696,41.9277705001831,67.0344634628296,5.72643759390339
"697",13,697,42.0606439113617,67.0242266845703,5.71970009752549
"698",13,698,42.1935496807098,67.0137605476379,5.7130500996951
"699",13,699,42.3263780498505,67.0030826950073,5.70657509928569
"700",13,700,42.4592178153992,66.9921800804138,5.70053759291768
"701",13,701,42.5920807552338,66.9810532188416,5.78444983009249
"702",13,702,42.7249715328217,66.9696979904175,5.8381749583641
"703",13,703,42.8577779579163,66.9581264305115,5.92173762917519
"704",13,704,42.9905266857147,66.9463267326355,5.97589980997145
"705",13,705,43.1233427238464,66.9342875099182,5.99926236954052
"706",13,706,43.2560072135925,66.9220335578919,5.99278737287969
"707",13,707,43.3887388706207,66.9095360565186,5.98526236398612
"708",13,708,43.5214606571198,66.8968060493469,5.9780873605283
"709",13,709,43.6540906524658,66.8838524055481,5.97012486525346
"710",13,710,43.7867866039276,66.8706612968445,5.96181236079429
"711",13,711,43.9194893836975,66.8572324752808,5.95253736742307
"712",13,712,44.0519857788086,66.8435987663269,5.94282486077864
"713",13,713,44.1845788288116,66.8297226333618,5.93258736154531
"714",13,714,44.3172099018097,66.8156073760986,5.92234986361582
"715",13,715,44.4497354698181,66.8012724304199,5.91202486746479
"716",13,716,44.5822491073608,66.7867107963562,5.9010873638792
"717",13,717,44.7146866607666,66.7719281387329,5.8601373024052
"718",13,718,44.8472350692749,66.756899356842,5.81988769315649
"719",13,719,44.9795722293854,66.7416755867004,5.80860018690582
"720",13,720,45.1120582485199,66.7262030792236,5.79731268619653
"721",13,721,45.2444418525696,66.7105159187317,5.78567519064527
"722",13,722,45.3767574214935,66.6946090888977,5.77333769237157
"723",13,723,45.5091336917877,66.6784741592407,5.79171230618376
"724",13,724,45.6414371776581,66.6621165657044,5.84009992575738
"725",13,725,45.7736317825317,66.6455506134033,5.94763767269905
"726",13,726,45.9059358024597,66.6287367630005,6.08431253146846
"727",13,727,46.0382044410706,66.6116869163513,6.22054989163298
"728",13,728,46.1703748893738,66.5944054603577,6.3864498011535
"729",13,729,46.3025520992279,66.5768767166138,6.58253728065174
"730",13,730,46.4346568584442,66.5590989494324,6.6886750241043
"731",13,731,46.566714515686,66.5410627174377,6.85474994245451
"732",13,732,46.6987441539764,66.5227687454224,6.99203730213922
"733",13,733,46.8307392215729,66.5042024612427,7.07069998241495
"734",13,734,46.9627363777161,66.4853577804565,7.14840016611852
"735",13,735,47.0947129631043,66.4662354850769,7.19766233616974
"736",13,736,47.2265367412567,66.4468554878235,7.24683746556984
"737",13,737,47.3584157371521,66.4271813011169,7.26757501688553
"738",13,738,47.4901959609985,66.4072406578064,7.25830002742587
"739",13,739,47.621985244751,66.3870122146606,7.24955002436182
"740",13,740,47.753738451004,66.3665050125122,7.23966252681567
"741",13,741,47.8854649066925,66.345715637207,7.2305625258945
"742",13,742,48.01709025383,66.3246584892273,7.22085002634995
"743",13,743,48.148632516861,66.3033325576782,7.21113753167447
"744",13,744,48.2802666568756,66.2817051887512,7.20107502309839
"745",13,745,48.4116769981384,66.2598383712769,7.19040001986141
"746",13,746,48.5431832695007,66.2376700401306,7.17955002197414
"747",13,747,48.6746092987061,66.2152309799194,7.16835002376466
"748",13,748,48.8059516716003,66.1925231170654,7.1282749613747
"749",13,749,48.9372856712341,66.1695379638672,7.05853734620614
"750",13,750,49.0685609340668,66.1462844276428,6.98810016686766
"751",13,751,49.2001946640015,66.1226911735535,6.85903742820374
"752",13,752,49.330993719101,66.0989817428589,6.7298876223329
"753",13,753,49.4621535873413,66.0749391174316,6.56993732338597
"754",13,754,49.5932323932648,66.0506505203247,6.41024996791384
"755",13,755,49.724264717102,66.0261188697815,6.22090004530037
"756",13,756,49.8552677726746,66.0013470077515,6.0605126921786
"757",13,757,49.9862389564514,65.9763414382935,5.92961245487386
"758",13,758,50.1171003341675,65.9511254882812,5.79923765592248
"759",13,759,50.2483515739441,65.9256034088135,5.69799997103983
"760",13,760,50.3789438343048,65.8999851036072,5.59772479251842
"761",13,761,50.5096972179413,65.8741107940674,5.52807511309511
"762",13,762,50.6405249595642,65.8480047225952,5.45842499574064
"763",13,763,50.7711268043518,65.8217280960083,5.44827498967643
"764",13,764,50.901831703186,65.7952153015137,5.40819993168697
"765",13,765,51.0323868465424,65.768519859314,5.39734993121237
"766",13,766,51.1629490280151,65.7416085243225,5.35718736874697
"767",13,767,51.2935422039032,65.7144815063477,5.31649981145165
"768",13,768,51.4239884471893,65.6871682929993,5.27555019012943
"769",13,769,51.5544456863403,65.659646987915,5.2350376307848
"770",13,770,51.6848702716827,65.631925907135,5.19452506860835
"771",13,771,51.8152321243286,65.6040121650696,5.15313751292997
"772",13,772,51.9455178546906,65.5759097480774,5.08304989159224
"773",13,773,52.0758472442627,65.5475971794128,4.98426265116432
"774",13,774,52.2060354995728,65.5191161060333,4.8866124696302
"775",13,775,52.3362662029266,65.4904302501678,4.81827485233807
"776",13,776,52.4663727760315,65.4615834140778,4.66252499504626
"777",13,777,52.5965962982178,65.4325254821777,4.53626269532251
"778",13,778,52.726614522934,65.4033297920227,4.38182489207393
"779",13,779,52.8566247844696,65.3739643573761,4.22703753430833
"780",13,780,52.9866660881043,65.3444255924225,4.07303767669218
"781",13,781,53.1166213512421,65.3147395133972,3.9190375975435
"782",13,782,53.2465664196014,65.2849025821686,3.73563746014842
"783",13,783,53.3764905548096,65.2549231338501,3.55267503863288
"784",13,784,53.5063195610046,65.2248204612732,3.39981245987438
"785",13,785,53.6361659049988,65.1945814990997,3.21606254099024
"786",13,786,53.7660084438324,65.1642143535614,3.06232496084558
"787",13,787,53.8958093166351,65.1337382984161,2.93798744391825
"788",13,788,54.0255941009521,65.1031427383423,2.75371252432669
"789",13,789,54.1552428531647,65.0724732780456,2.59892494203377
"790",13,790,54.2850803470612,65.0416564083099,2.44413758925948
"791",13,791,54.4146902275085,65.0107925605774,2.2299376072915
"792",13,792,54.5443779754639,64.9798249530792,2.10490008821216
"793",13,793,54.6740751266479,64.9487720108032,1.94958750852239
"794",13,794,54.8036906909943,64.9176562690735,1.79576253635896
"795",13,795,54.9332476425171,64.8864842224121,1.70003746884031
"796",13,796,55.0629063796997,64.8552226448059,1.63502495712455
"797",13,797,55.192479391098,64.8239155769348,1.57071244831459
"798",13,798,55.3219974803925,64.792555065155,1.56546245424834
"799",13,799,55.451547498703,64.7611288452148,1.56029995070276
"800",13,800,55.581099023819,64.7296410942078,1.55574995154602
"801",13,801,55.7106154537201,64.6980930805206,1.55128745012189
"802",13,802,55.8400725364685,64.666503276825,1.57675001011667
"803",13,803,55.9696098041534,64.6348328113556,1.60212496105232
"804",13,804,56.0990473842621,64.6031145381927,1.62688751939422
"805",13,805,56.2285080337524,64.5713312911987,1.62190002256975
"806",13,806,56.3585103702545,64.5393493556976,1.61735002158966
"807",13,807,56.4876068592072,64.5075240325928,1.61245001849456
"808",13,808,56.6170285511017,64.4755584430695,1.60755001913785
"809",13,809,56.7463999462128,64.4435377216339,1.60203751985391
"810",13,810,56.8758658599854,64.4114319801331,1.59626252297166
"811",13,811,57.0051481342316,64.3793032932281,1.59110002149391
"812",13,812,57.13453332901,64.3470884037018,1.58550001955736
"813",13,813,57.2638837242126,64.314822063446,1.58103752092429
"814",13,814,57.3932187271118,64.2824899101257,1.57631252475403
"815",13,815,57.522473564148,64.2501188755035,1.57193752153107
"816",13,816,57.6520613479614,64.2176168251038,1.56852502325346
"817",13,817,57.7810018157959,64.1851808738708,1.53623746162047
"818",13,818,57.9102742004395,64.1526177120209,1.47498745061312
"819",13,819,58.0395720100403,64.1199911212921,1.41426255204715
"820",13,820,58.1687858486176,64.0873268508911,1.32492498222419
"821",13,821,58.2979912662506,64.0546098613739,1.20706246419868
"822",13,822,58.427228345871,64.0218392181396,1.11851250547479
"823",13,823,58.5564417171478,63.9890315914154,1.00196248259163
"824",13,824,58.6855867958069,63.9561943149567,0.914900025771931
"825",13,825,58.8147996520996,63.9233096504211,0.828100010566413
"826",13,826,58.9439744758606,63.8904020309448,0.771575000404846
"827",13,827,59.0730947494507,63.8574718093872,0.655812480777968
"828",13,828,59.2022814273834,63.8245040130615,0.480550008360297
"829",13,829,59.3314371013641,63.7915251064301,0.33600001190498
"830",13,830,59.4605679035187,63.758531665802,0.161525001010159
"831",13,831,59.5898404598236,63.7255016326904,-0.0133000062036442
"832",13,832,59.7189917755127,63.692504196167,-0.188299995660782
"833",13,833,59.8481446743011,63.6595105266571,-0.452112483530073
"834",13,834,59.977432641983,63.62649933815,-0.686875022662571
"835",13,835,60.1066485786438,63.5935366439819,-0.980175013715052
"836",13,836,60.2359369659424,63.5605971431732,-1.27356245190458
"837",13,837,60.3651019859314,63.5277308273315,-1.47857504241983
"838",13,838,60.4944482326508,63.494885635376,-1.56502500023926
"839",13,839,60.6237288665771,63.462119550705,-1.70983747137362
"840",13,840,60.7529528045654,63.4294338130951,-1.85491255044471
"841",13,841,60.8822361469269,63.3968073368072,-1.9116124494205
"842",13,842,61.0115354251862,63.3642572116852,-1.99744990866748
"843",13,843,61.1407710266113,63.3317972373962,-2.08337509088742
"844",13,844,61.2700918102264,63.2994027328491,-2.11014992893324
"845",13,845,61.3994045066834,63.2670944023132,-2.13622498901823
"846",13,846,61.528841753006,63.2348415088654,-2.16273754954164
"847",13,847,61.6581789779663,63.2026972579956,-2.15950004751358
"848",13,848,61.7876028060913,63.1706202888489,-2.15652505009202
"849",13,849,61.6077325057983,62.8262478572875,-2.13981254580431
"850",13,850,60.3408945796676,61.387898645401,-2.07051248648786
"851",13,851,59.8454964310982,60.7340905871987,-1.98555008477415
"852",13,852,59.9702334918301,60.7069809208065,-1.92648746988852
"853",13,853,60.0947834716428,60.6812526878715,-1.86856256584288
"854",13,854,60.219488610308,60.6558308020234,-1.81098745132331
"855",13,855,60.3441748520191,60.6304599359632,-1.7822001050532
"856",13,856,60.4688023527917,60.6051888851821,-1.69741243156605
"857",13,857,60.5935226509089,60.5799925085902,-1.61288747206563
"858",13,858,60.7182732189602,60.554810372591,-1.52853750961949
"859",13,859,60.8430259550569,60.5297146108747,-1.38766254086222
"860",13,860,60.9677712917782,60.504669547379,-1.27566252201504
"861",13,861,61.0925193957692,60.4797255438566,-1.10617499278742
"862",13,862,61.2173760627645,60.4547547882795,-0.965300021483559
"863",13,863,61.3420306932516,60.4298648288846,-0.739462485036348
"864",13,864,61.4668665174003,60.4049768227339,-0.598587512958329
"865",13,865,61.5916511990946,60.380114569068,-0.457449989987072
"866",13,866,61.7164691219418,60.3552527010441,-0.316050020267721
"867",13,867,61.8412622007988,60.3304263907671,-0.203350002120714
"868",13,868,61.9660930114436,60.3055938905477,-0.146562495420221
"869",13,869,62.0908776054045,60.2807777947187,-0.14656249525724
"870",13,870,62.2156784037541,60.2559606289864,-0.146474995650351
"871",13,871,62.3404752285592,60.2311472582817,-0.146212495851796
"872",13,872,62.4652281761239,60.2063468647003,-0.14682499175542
"873",13,873,62.5901354671898,60.1815262156725,-0.146912492156843
"874",13,874,62.7148854385701,60.1567534393072,-0.148137494119874
"875",13,875,62.8397233630781,60.1319566309452,-0.148749993130331
"876",13,876,62.9644838486431,60.1071833640337,-0.150324995140545
"877",13,877,63.0893255933153,60.0823913264275,-0.123374989093281
"878",13,878,63.2141551069263,60.0576110929251,-0.0397250012145376
"879",13,879,63.339013411747,60.0328234422207,0.0161874947996695
"880",13,880,63.4637839694519,60.0080647075176,0.100974998745369
"881",13,881,63.5886157941091,59.9832854342461,0.242900004722469
"882",13,882,63.7134775048803,59.9584956729412,0.301175000950752
"883",13,883,63.8382023579557,59.9337055313587,0.358925009224913
"884",13,884,63.9630845191784,59.9088735628128,0.444849995989352
"885",13,885,64.0878653985821,59.8840499424934,0.50181250878959
"886",13,886,64.21258918899,59.8592203867435,0.530425010871841
"887",13,887,64.3374552186363,59.8343434488773,0.557899989542785
"888",13,888,64.4622658382019,59.8094442665577,0.55667499031988
"889",13,889,64.5869827053806,59.7845498526096,0.555187489587115
"890",13,890,64.7117302612838,59.759632024765,0.553612487699138
"891",13,891,64.8365485244087,59.7346705269814,0.466462500183843
"892",13,892,64.9612900937011,59.7097094726563,0.436099996510893
"893",13,893,65.0860758411483,59.6847130072117,0.377474987471942
"894",13,894,65.2108895797765,59.6597152864933,0.347550009886618
"895",13,895,65.3356445215695,59.6347012519836,0.345537511023576
"896",13,896,65.4603054100776,59.6097021234036,0.344312505933339
"897",13,897,65.5851164080494,59.5846524119377,0.342475010857742
"898",13,898,65.7098179996246,59.5596186947823,0.340637509925
"899",13,899,65.8345834698045,59.5345507621765,0.367237488045066
"900",13,900,65.9593862849608,59.5094716846943,0.421399995934916
"901",13,901,66.0841601091117,59.4843668830395,0.447562501944776
"902",13,902,66.2088491906424,59.4592785513401,0.529812487444724
"903",13,903,66.3335805581411,59.4341511106491,0.612412478217448
"904",13,904,66.4583094273327,59.4090063226223,0.666399986384204
"905",13,905,66.5831044628186,59.3838143718243,0.692037490219809
"906",13,906,66.707768998227,59.3586304032803,0.717587497422937
"907",13,907,66.8324397309904,59.3334115755558,0.743137500531157
"908",13,908,66.9572663708945,59.3081262028217,0.740687497919134
"909",13,909,67.0818427279202,59.2828705608845,0.73832499962009
"910",13,910,67.2065627676831,59.2575573682785,0.735612498849514
"911",13,911,67.3312301677122,59.2322306418419,0.732987500476884
"912",13,912,67.4559569373878,59.206849899292,0.730450000305427
"913",13,913,67.5805708776036,59.1814822673798,0.728087499999674
"914",13,914,67.7053050310578,59.1560451793671,0.72563749984256
"915",13,915,67.8298792141594,59.1306173849106,0.722837500198511
"916",13,916,67.9545804100868,59.1051347374916,0.720299999619601
"917",13,917,68.0792480001145,59.0796317338944,0.717849998566089
"918",13,918,68.2038834171375,59.0541106057167,0.714699999924051
"919",13,919,68.3284989892915,59.0285597205162,0.711724999191938
"920",13,920,68.4531097960233,59.002984688282,0.708662498363992
"921",13,921,68.5778222663011,58.9773588275909,0.676724997285055
"922",13,922,68.7023655329723,58.9517440009117,0.645837491774
"923",13,923,68.8269951957764,58.9260922884941,0.614424987317762
"924",13,924,68.9516239686757,58.9004053115845,0.554749976395397
"925",13,925,69.0761989502047,58.8747098565102,0.495512522710487
"926",13,926,69.200794901846,58.8490061736107,0.436625012080185
"927",13,927,69.3254532516859,58.8232650542259,0.349299996951595
"928",13,928,69.4499713680441,58.79752607584,0.290674987668171
"929",13,929,69.5745359539598,58.7717825436592,0.25970000923844
"930",13,930,69.6991814035531,58.7460021495819,0.229337505728472
"931",13,931,69.8237893221297,58.7202151107788,0.227062503807246
"932",13,932,69.9483647657978,58.6944427633286,0.225662503720377
"933",13,933,70.0729115349569,58.6686549925804,0.224262503592763
"934",13,934,70.1975596800383,58.6428426647186,0.223037505266256
"935",13,935,70.3220595755336,58.6170537209511,0.222162504307925
"936",13,936,70.4466338014169,58.5912461781502,0.249812511936761
"937",13,937,70.5712288224805,58.5654177951813,0.277724989212583
"938",13,938,70.6958542678005,58.5395713305473,0.305374992929864
"939",13,939,70.8203769887114,58.5137412643433,0.333724998391699
"940",13,940,70.9453934529127,58.4877720594406,0.33346249818569
"941",13,941,71.0696884249733,58.4619651651382,0.333199996838811
"942",13,942,71.1941947607161,58.4361016726494,0.332674998382572
"943",13,943,71.3188053567504,58.4102122926712,0.331974998430814
"944",13,944,71.4433865000855,58.3842293739319,0.358662502316292
"945",13,945,71.5679106054321,58.3583107542992,0.385525006637909
"946",13,946,71.6923990556528,58.3323094582558,0.440037489577663
"947",13,947,71.8171268350445,58.3062859869003,0.465762521450233
"948",13,948,71.9415246975154,58.2803519582748,0.51957497621188
"949",13,949,72.0660368223011,58.2543734192848,0.54494998191949
"950",13,950,72.1906542392715,58.2283553099632,0.541974982124521
"951",13,951,72.3151597848302,58.2023042869568,0.567087487269601
"952",13,952,72.439672707048,58.1762239003181,0.563762486673659
"953",13,953,72.5641973352444,58.1501529288292,0.560524984431686
"954",13,954,72.688747112063,58.1240558314323,0.558074984814448
"955",13,955,72.8131452065473,58.0979687905312,0.555449986370513
"956",13,956,72.9377626701968,58.0718149185181,0.553349984029774
"957",13,957,73.0622199179349,58.0456682682037,0.523249982681591
"958",13,958,73.1867024155194,58.0194948577881,0.522024980850984
"959",13,959,73.3112322295783,57.9933048057556,0.492537477728911
"960",13,960,73.4357773811324,57.9670800971985,0.463837525382405
